Theme,Image_Name,Method,MSE,SSIM,Frobenius,Cosine
農業與植物,Agricultural-land_(OWID_0024).png,SIFT,21.969778060913086,0.9954761686801308,0.11451694037609754,0.9999995007349494
農業與植物,Agricultural-land_(OWID_0024).png,ORB,305.4208984375,0.964887243484104,0.44734502160641554,0.9999996263764761
農業與植物,Agricultural-land_(OWID_0024).png,LoFTR,291.0675964355469,0.9648554054907682,1.4869479975428723,0.999895591439021
農業與植物,Agricultural_Barnsley^_-_geograph.org.uk_-_2375139.jpg,SIFT,9.07848072052002,0.9956655220784576,2.5478314559164685,0.9999798162508053
農業與植物,Agricultural_Barnsley^_-_geograph.org.uk_-_2375139.jpg,ORB,6414.85546875,0.6577351436510037,189.54057210425376,-0.703718421246889
農業與植物,Agricultural_Barnsley^_-_geograph.org.uk_-_2375139.jpg,LoFTR,79.832275390625,0.9585194600988344,11.594047434760984,0.9957023519688621
農業與植物,Agricultural_England_-_geograph.org.uk_-_1937199.jpg,SIFT,1.543442964553833,0.9978775615554524,0.17864407321782033,0.999997325613095
農業與植物,Agricultural_England_-_geograph.org.uk_-_1937199.jpg,ORB,146.52096557617188,0.9151274785346841,5.763839442960364,0.9980348007447519
農業與植物,Agricultural_England_-_geograph.org.uk_-_1937199.jpg,LoFTR,70.47466278076172,0.972734673335029,0.805822293974798,0.9999841698147033
農業與植物,Agricultural_Land_-_geograph.org.uk_-_394834.jpg,SIFT,47.508033752441406,0.9718270157644405,5.588393111170248,0.9994257685366139
農業與植物,Agricultural_Land_-_geograph.org.uk_-_394834.jpg,ORB,135.33056640625,0.9579121440463699,3.878509362188282,0.9997233034153051
農業與植物,Agricultural_Land_-_geograph.org.uk_-_394834.jpg,LoFTR,87.26460266113281,0.9714170773774703,1.162670698841359,0.9999888057766191
農業與植物,Agricultural_Land_Near_Wester_Kerrowgair_-_geograph.org.uk_-_189621.jpg,SIFT,0.7812698483467102,0.9978649764953726,0.35239244196105257,0.999999876009711
農業與植物,Agricultural_Land_Near_Wester_Kerrowgair_-_geograph.org.uk_-_189621.jpg,ORB,169.52786254882812,0.8872135739803441,17.693593905346823,0.9847964398019343
農業與植物,Agricultural_Land_Near_Wester_Kerrowgair_-_geograph.org.uk_-_189621.jpg,LoFTR,65.17898559570312,0.9829267933367769,0.2751172687776502,0.9999995321150352
農業與植物,Agricultural_Land_at_Patrick_Brompton_-_geograph.org.uk_-_331011.jpg,SIFT,8.726727485656738,0.997694438818689,1.5463514923539428,0.9999845086146684
農業與植物,Agricultural_Land_at_Patrick_Brompton_-_geograph.org.uk_-_331011.jpg,ORB,246.2223663330078,0.9039377496431016,77.708969499475,0.9778758219324845
農業與植物,Agricultural_Land_at_Patrick_Brompton_-_geograph.org.uk_-_331011.jpg,LoFTR,64.43263244628906,0.9843384786857772,0.5085953440733247,0.9999993651769387
農業與植物,Agricultural_land__Eastwell_-_geograph.org.uk_-_6778083.jpg,SIFT,1.5305964946746826,0.9981226209309398,0.17359121026271304,0.9999990064337154
農業與植物,Agricultural_land__Eastwell_-_geograph.org.uk_-_6778083.jpg,ORB,644.1627197265625,0.6823234361418282,19.20077198588458,0.9937255134671562
農業與植物,Agricultural_land__Eastwell_-_geograph.org.uk_-_6778083.jpg,LoFTR,47.38034439086914,0.9893432512124032,0.15575908776186168,0.9999990999945031
農業與植物,Agricultural_land__Linton_-_geograph.org.uk_-_2305667.jpg,SIFT,1.1808786392211914,0.9914874336398427,0.16416352179049978,0.9999988775525201
農業與植物,Agricultural_land__Linton_-_geograph.org.uk_-_2305667.jpg,ORB,2620.70556640625,0.09544659994891921,482.2436193967004,-0.879260069056204
農業與植物,Agricultural_land__Linton_-_geograph.org.uk_-_2305667.jpg,LoFTR,17.770854949951172,0.9834238283077109,1.4546870910303653,0.9999607789482522
農業與植物,Agricultural_land._-_geograph.org.uk_-_167637.jpg,SIFT,14407.3466796875,0.5164051246672375,340.5939054259472,0.8449334182703724
農業與植物,Agricultural_land._-_geograph.org.uk_-_167637.jpg,ORB,276.740234375,0.9540169103896053,0.6662531540615226,0.9999831588485198
農業與植物,Agricultural_land._-_geograph.org.uk_-_167637.jpg,LoFTR,582.1378784179688,0.9509517994388798,10.467012589735862,0.9998130220721116
農業與植物,Agricultural_land_-_geograph.org.uk_-_440910.jpg,SIFT,5931.2314453125,0.3968454012516567,397.35517070637025,0.5457054629211026
農業與植物,Agricultural_land_-_geograph.org.uk_-_440910.jpg,ORB,4775.33642578125,0.46519858671021785,1451.9456662649823,0.37996800523126356
農業與植物,Agricultural_land_-_geograph.org.uk_-_440910.jpg,LoFTR,215.87298583984375,0.9509012020998214,7.012414203376053,0.9961387569451474
農業與植物,Agricultural_land_2.jpg,SIFT,1076.9136962890625,0.485645973530558,260.5509864087744,0.9020178925980525
農業與植物,Agricultural_land_2.jpg,ORB,1124.8984375,0.5360589617709327,37.406043130421764,0.9985877486924922
農業與植物,Agricultural_land_2.jpg,LoFTR,144.2566375732422,0.8291495441979334,7.439070204552125,0.9997955455744847
農業與植物,Agricultural_land_7333.jpg,SIFT,8.152514457702637,0.9917097409242426,0.8160961714409308,0.9999982248850992
農業與植物,Agricultural_land_7333.jpg,ORB,485.6316833496094,0.8309444869581126,11.922714471394997,0.9997457334351008
農業與植物,Agricultural_land_7333.jpg,LoFTR,176.78636169433594,0.9742351731234961,0.9878817337539153,0.9999966134883707
農業與植物,Agricultural_land_Zimbabwe.jpg,SIFT,65025.0,0.0,500.0,0.0
農業與植物,Agricultural_land_Zimbabwe.jpg,ORB,15567.43359375,0.6822233285431952,169.23647552201675,0.970456797930066
農業與植物,Agricultural_land_Zimbabwe.jpg,LoFTR,35926.5546875,0.2465210797799062,984.6001316198717,-0.04936092003646865
農業與植物,Agricultural_land_above_Salt_Lake__Fife_-_geograph.org.uk_-_5316083.jpg,SIFT,96.89006805419922,0.987210868105605,6.088072954625877,0.9996487042347085
農業與植物,Agricultural_land_above_Salt_Lake__Fife_-_geograph.org.uk_-_5316083.jpg,ORB,962.061279296875,0.8347879485067666,19.74644228230488,0.9994149855988561
農業與植物,Agricultural_land_above_Salt_Lake__Fife_-_geograph.org.uk_-_5316083.jpg,LoFTR,65.35968780517578,0.9841346240640013,0.23214191629013095,0.9999990928808512
農業與植物,Agricultural_land_at_Francesfield_-_geograph.org.uk_-_2339533.jpg,SIFT,101.66932678222656,0.9864243346297314,4.955214123880163,0.9961143627201873
農業與植物,Agricultural_land_at_Francesfield_-_geograph.org.uk_-_2339533.jpg,ORB,105.64817810058594,0.979960081364912,3.047824231284342,0.9977267541479226
農業與植物,Agricultural_land_at_Francesfield_-_geograph.org.uk_-_2339533.jpg,LoFTR,67.06424713134766,0.9855956626417354,0.3212517377967953,0.9999572561191713
農業與植物,Agricultural_land_at_Shanwell_farm_-_geograph.org.uk_-_2352984.jpg,SIFT,65025.0,0.0,500.0,0.0
農業與植物,Agricultural_land_at_Shanwell_farm_-_geograph.org.uk_-_2352984.jpg,ORB,562.7014770507812,0.39632604853140424,163.033568400374,0.588128966858333
農業與植物,Agricultural_land_at_Shanwell_farm_-_geograph.org.uk_-_2352984.jpg,LoFTR,680.563720703125,0.496901558916404,83.42795310656948,0.9464918448079397
農業與植物,Agricultural_land_beside_river_in_Llanuwchllyn_-_geograph.org.uk_-_3670150.jpg,SIFT,18.165969848632812,0.9952744222665005,0.33861463042966006,0.9999925971694585
農業與植物,Agricultural_land_beside_river_in_Llanuwchllyn_-_geograph.org.uk_-_3670150.jpg,ORB,163.19264221191406,0.9671244482050257,0.845667519821299,0.999881164608982
農業與植物,Agricultural_land_beside_river_in_Llanuwchllyn_-_geograph.org.uk_-_3670150.jpg,LoFTR,141.03887939453125,0.9750381585905634,0.25519983323163403,0.9999999757127553
農業與植物,Agricultural_land_improvement_at_Sinnottsmill_-_geograph.org.uk_-_1238333.jpg,SIFT,65025.0,0.0,500.0,0.0
農業與植物,Agricultural_land_improvement_at_Sinnottsmill_-_geograph.org.uk_-_1238333.jpg,ORB,303.9384460449219,0.752956162290311,253.3169873658027,-0.7331956351490045
農業與植物,Agricultural_land_improvement_at_Sinnottsmill_-_geograph.org.uk_-_1238333.jpg,LoFTR,448.788818359375,0.7486592548209269,1191.0239240157,-0.5051079637199077
農業與植物,Agricultural_land_just_outside_Burnham_Overy_Town__Norfolk._-_geograph.org.uk_-_215557.jpg,SIFT,261.30120849609375,0.979354974763222,2.5632894691789425,0.9999621769024333
農業與植物,Agricultural_land_just_outside_Burnham_Overy_Town__Norfolk._-_geograph.org.uk_-_215557.jpg,ORB,216.35748291015625,0.976238104603421,1.5577450579434067,0.9999984655943729
農業與植物,Agricultural_land_just_outside_Burnham_Overy_Town__Norfolk._-_geograph.org.uk_-_215557.jpg,LoFTR,269.11199951171875,0.9713542591327324,0.39544935669694903,0.9999968535526058
農業與植物,Agricultural_land_just_to_east_of_Abbotts_Farm_-_geograph.org.uk_-_2073868.jpg,SIFT,473.8978576660156,0.6595845182826154,546.7742103498128,-0.6162906240680123
農業與植物,Agricultural_land_just_to_east_of_Abbotts_Farm_-_geograph.org.uk_-_2073868.jpg,ORB,416.0203552246094,0.6593877526690939,176.17262493834824,0.45368346707262697
農業與植物,Agricultural_land_just_to_east_of_Abbotts_Farm_-_geograph.org.uk_-_2073868.jpg,LoFTR,677.2365112304688,0.5159663760841082,764.2319058588392,-0.9909488094296607
農業與植物,Agricultural_land_near_the_Kidlaw_Burn_-_geograph.org.uk_-_1859123.jpg,SIFT,1.3691552877426147,0.9969540130030351,2.466380308526446,0.9999715129754467
農業與植物,Agricultural_land_near_the_Kidlaw_Burn_-_geograph.org.uk_-_1859123.jpg,ORB,402.4459228515625,0.8221167213779293,4.467287115946697,0.9991182212954048
農業與植物,Agricultural_land_near_the_Kidlaw_Burn_-_geograph.org.uk_-_1859123.jpg,LoFTR,49.373111724853516,0.9842608307247117,2.3887015431534055,0.9999636920392236
農業與植物,Agricultural_land_north_of_Kendal_-_geograph.org.uk_-_2177290.jpg,SIFT,54.624202728271484,0.9906121616878222,1.585068562707249,0.9998670622301796
農業與植物,Agricultural_land_north_of_Kendal_-_geograph.org.uk_-_2177290.jpg,ORB,401.4283752441406,0.9474558513850875,4.11548294228685,0.9993745827905484
農業與植物,Agricultural_land_north_of_Kendal_-_geograph.org.uk_-_2177290.jpg,LoFTR,247.16175842285156,0.9612637512602554,3.465327996854077,0.9992843487565793
農業與植物,Agricultural_land_off_Gull_Drove__Guyhirn_-_geograph.org.uk_-_2368633.jpg,SIFT,4495.31787109375,0.5603721410062775,466.12872590747713,0.9992478252437874
農業與植物,Agricultural_land_off_Gull_Drove__Guyhirn_-_geograph.org.uk_-_2368633.jpg,ORB,216.6602325439453,0.9155029656481146,8.988777448017434,0.999157153708193
農業與植物,Agricultural_land_off_Gull_Drove__Guyhirn_-_geograph.org.uk_-_2368633.jpg,LoFTR,121.86796569824219,0.9783015315978097,3.52254079628584,0.9999921988791959
農業與植物,Agricultural_land_with_towers_in_Pakistan.jpg,SIFT,156.64508056640625,0.9753665994776902,5.013134149282547,0.9996327122290752
農業與植物,Agricultural_land_with_towers_in_Pakistan.jpg,ORB,984.727783203125,0.8772322426222146,24.95604651635501,0.9999279714411363
農業與植物,Agricultural_land_with_towers_in_Pakistan.jpg,LoFTR,144.6481475830078,0.9493832094419324,14.023417662415364,0.9986879515738475
農業與植物,Auchincruive_Agricultural_College_-_geograph.org.uk_-_3545313.jpg,SIFT,1.3988757133483887,0.9933106291071104,1.840426952099527,0.9998092392805078
農業與植物,Auchincruive_Agricultural_College_-_geograph.org.uk_-_3545313.jpg,ORB,54.52882766723633,0.977397493146623,1.9012369147267982,0.9990686869793144
農業與植物,Auchincruive_Agricultural_College_-_geograph.org.uk_-_3545313.jpg,LoFTR,53.62931442260742,0.9775669008809147,4.434653176922954,0.9987289389569405
農業與植物,Boundary_between_scrub_and_agricultural_land_-_geograph.org.uk_-_531028.jpg,SIFT,1.040124773979187,0.9975481215395503,0.8172677221467495,0.9999939586190107
農業與植物,Boundary_between_scrub_and_agricultural_land_-_geograph.org.uk_-_531028.jpg,ORB,89.20214080810547,0.9665509457439075,1.4554296150028276,0.9999978217641755
農業與植物,Boundary_between_scrub_and_agricultural_land_-_geograph.org.uk_-_531028.jpg,LoFTR,62.25114822387695,0.9852470474861632,0.3944319571000989,0.9999989246970428
農業與植物,Cultivated_land__Boghall_-_geograph.org.uk_-_2022495.jpg,SIFT,65025.0,0.0,500.0,0.0
農業與植物,Cultivated_land__Boghall_-_geograph.org.uk_-_2022495.jpg,ORB,652.0796508789062,0.7335367982977634,164.67828548657747,0.5704281430401376
農業與植物,Cultivated_land__Boghall_-_geograph.org.uk_-_2022495.jpg,LoFTR,57.14274978637695,0.9832775685414501,1.0354966604544913,0.9999613659258695
農業與植物,Cultivated_land__Brockton_-_geograph.org.uk_-_2126955.jpg,SIFT,222.20191955566406,0.9779455374977846,1.8510095220184193,0.9999390684694901
農業與植物,Cultivated_land__Brockton_-_geograph.org.uk_-_2126955.jpg,ORB,1167.9075927734375,0.9014984376902161,10.122218003356593,0.9983443864069641
農業與植物,Cultivated_land__Brockton_-_geograph.org.uk_-_2126955.jpg,LoFTR,1481.7408447265625,0.9164966731470264,19.068536671286406,0.9978656356734921
農業與植物,Cultivated_land_-_geograph.org.uk_-_2214536.jpg,SIFT,1.8401927947998047,0.9973818368298429,0.28816433094900334,0.9999955885284849
農業與植物,Cultivated_land_-_geograph.org.uk_-_2214536.jpg,ORB,749.9856567382812,0.7480363296096635,16.331282328840096,0.9882199373074614
農業與植物,Cultivated_land_-_geograph.org.uk_-_2214536.jpg,LoFTR,70.98468780517578,0.9806325163477231,2.3574543478088636,0.9996833080512924
農業與植物,Cultivated_land_of_Recife__Brazil.jpg,SIFT,65025.0,0.0,500.0,0.0
農業與植物,Cultivated_land_of_Recife__Brazil.jpg,ORB,65025.0,0.0,500.0,0.0
農業與植物,Cultivated_land_of_Recife__Brazil.jpg,LoFTR,168.56907653808594,0.7601753515415642,268.77875917705444,-0.9867480931064082
農業與植物,Cultivated_land_to_the_North_of_Heath_Road_-_geograph.org.uk_-_4425185.jpg,SIFT,689.8345947265625,0.9345570395551734,3.830625363725089,0.9997249246568889
農業與植物,Cultivated_land_to_the_North_of_Heath_Road_-_geograph.org.uk_-_4425185.jpg,ORB,521.9326171875,0.9628547208969683,12.791174051482157,0.9885324563850486
農業與植物,Cultivated_land_to_the_North_of_Heath_Road_-_geograph.org.uk_-_4425185.jpg,LoFTR,142.94161987304688,0.9829834297046812,1.206975870906941,0.9999049888732923
農業與植物,Farm_land_and_industrial_land_-_geograph.org.uk_-_2057338.jpg,SIFT,30.26045036315918,0.9706485996241095,1.9619036258182818,0.9998224413038679
農業與植物,Farm_land_and_industrial_land_-_geograph.org.uk_-_2057338.jpg,ORB,116.33883666992188,0.9216712747052508,3.7249494695900633,0.99992362396129
農業與植物,Farm_land_and_industrial_land_-_geograph.org.uk_-_2057338.jpg,LoFTR,56.75932693481445,0.9818931548262753,1.063991869018194,0.9999661267501307
農業與植物,Farmland__Land_of_Nod_-_geograph.org.uk_-_2348089.jpg,SIFT,7.062747478485107,0.9961728651397357,1.3625645867915488,0.9999797148398935
農業與植物,Farmland__Land_of_Nod_-_geograph.org.uk_-_2348089.jpg,ORB,212.1730499267578,0.9556080518820572,15.359690371767082,0.9953970662729272
農業與植物,Farmland__Land_of_Nod_-_geograph.org.uk_-_2348089.jpg,LoFTR,71.75611114501953,0.9803372742687692,3.2224315406326385,0.9998247322470902
農業與植物,Farmland_Downtown_Historic_District.jpg,SIFT,65025.0,0.0,500.0,0.0
農業與植物,Farmland_Downtown_Historic_District.jpg,ORB,411.2134094238281,0.6625776146688642,137.37038641787646,-0.5635436054525399
農業與植物,Farmland_Downtown_Historic_District.jpg,LoFTR,75.8473892211914,0.9786258674884609,6.480394923992099,0.9995107493773765
農業與植物,Farmland_at_Hadlow_Agricultural_College_-_geograph.org.uk_-_2089025.jpg,SIFT,35442.34375,0.25881333483986274,576.588779396146,0.8128097049262825
農業與植物,Farmland_at_Hadlow_Agricultural_College_-_geograph.org.uk_-_2089025.jpg,ORB,34360.9375,0.3538570185168966,619.8836931607435,0.8415322767236983
農業與植物,Farmland_at_Hadlow_Agricultural_College_-_geograph.org.uk_-_2089025.jpg,LoFTR,37276.66796875,0.3582277530730345,357.29024137593683,0.8935909558763854
農業與植物,Farmland_between_East_Land_Ends_and_West_Land_Ends_-_geograph.org.uk_-_2021450.jpg,SIFT,29.05855369567871,0.9932780639927408,1.3651228928648562,0.9998356725481949
農業與植物,Farmland_between_East_Land_Ends_and_West_Land_Ends_-_geograph.org.uk_-_2021450.jpg,ORB,76.19340515136719,0.9745903143196837,0.8147919577736783,0.9999907089634682
農業與植物,Farmland_between_East_Land_Ends_and_West_Land_Ends_-_geograph.org.uk_-_2021450.jpg,LoFTR,73.09638977050781,0.9824438064211078,1.1118422897117435,0.9999962836568922
農業與植物,Farmland_in_the_village_of_Targaon__Maharashtra.jpg,SIFT,65025.0,0.0,500.0,0.0
農業與植物,Farmland_in_the_village_of_Targaon__Maharashtra.jpg,ORB,65025.0,0.0,500.0,0.0
農業與植物,Farmland_in_the_village_of_Targaon__Maharashtra.jpg,LoFTR,206.8605194091797,0.6747964109579657,1321.5424850798195,0.2337086458385498
農業與植物,Farmland_in_the_village_of_Targaon__Maharashtra_2.jpg,SIFT,181.0359649658203,0.9758642231551178,4.0392695276125785,0.9985386337828298
農業與植物,Farmland_in_the_village_of_Targaon__Maharashtra_2.jpg,ORB,184.39549255371094,0.9513587112114441,2.561813379620685,0.999619681534427
農業與植物,Farmland_in_the_village_of_Targaon__Maharashtra_2.jpg,LoFTR,435.65716552734375,0.926469168244041,10.17202524576313,0.9983722475321328
農業與植物,Farmland_in_the_village_of_Targaon__Maharashtra_3.jpg,SIFT,1013.4480590820312,0.8622601311579019,48.53818258918308,0.9760473296946336
農業與植物,Farmland_in_the_village_of_Targaon__Maharashtra_3.jpg,ORB,594.2306518554688,0.8548147003177282,26.154016542772684,0.9974925807367362
農業與植物,Farmland_in_the_village_of_Targaon__Maharashtra_3.jpg,LoFTR,130.97572326660156,0.9837717175431823,1.1295626148984756,0.9999863619066501
農業與植物,Farmland_in_the_village_of_Targaon__Maharashtra_5.jpg,SIFT,3424.782470703125,0.37223998440209793,267.27402292187253,-0.8259115844517919
農業與植物,Farmland_in_the_village_of_Targaon__Maharashtra_5.jpg,ORB,85.30795288085938,0.8814480196317025,1.922894569397202,0.9994421007399507
農業與植物,Farmland_in_the_village_of_Targaon__Maharashtra_5.jpg,LoFTR,134.51034545898438,0.8638598437759496,11.682139007881773,0.9383586586348553
農業與植物,Farmland_in_the_village_of_Targaon__Maharashtra_6.jpg,SIFT,2.194793939590454,0.9972510047198102,0.8256265232127495,0.9999139330064872
農業與植物,Farmland_in_the_village_of_Targaon__Maharashtra_6.jpg,ORB,41.468345642089844,0.9600273135318845,26.31898964023541,0.9066036503910455
農業與植物,Farmland_in_the_village_of_Targaon__Maharashtra_6.jpg,LoFTR,4.4096598625183105,0.9885217516371065,0.2663994710509857,0.9999639659363235
農業與植物,Farmland_in_the_village_of_Targaon__Maharashtra_7.jpg,SIFT,323.5335998535156,0.9539068657822881,11.160889248711074,0.9981037707681614
農業與植物,Farmland_in_the_village_of_Targaon__Maharashtra_7.jpg,ORB,127.38675689697266,0.9647861598519407,24.88238767714575,0.9989464795167594
農業與植物,Farmland_in_the_village_of_Targaon__Maharashtra_7.jpg,LoFTR,82.2209701538086,0.981762245892441,5.053609655200253,0.9999256107448378
農業與植物,Farmland_land_east_of_Acomb_-_geograph.org.uk_-_4332493.jpg,SIFT,3.127479314804077,0.997954211978253,0.3131516925832684,0.9999796330735174
農業與植物,Farmland_land_east_of_Acomb_-_geograph.org.uk_-_4332493.jpg,ORB,99.16938018798828,0.9750854490858986,2.6895454284405886,0.9996688369721601
農業與植物,Farmland_land_east_of_Acomb_-_geograph.org.uk_-_4332493.jpg,LoFTR,128.31919860839844,0.9762373719637265,0.39193035580647373,0.9999888567645168
農業與植物,Flat_agricultural_land_north_of_Haxey_-_geograph.org.uk_-_6510623.jpg,SIFT,169.4693145751953,0.8881068126284545,16.49976142143329,0.9993599711683937
農業與植物,Flat_agricultural_land_north_of_Haxey_-_geograph.org.uk_-_6510623.jpg,ORB,236.12937927246094,0.8372029096168346,23.718992344729667,0.9986032961516665
農業與植物,Flat_agricultural_land_north_of_Haxey_-_geograph.org.uk_-_6510623.jpg,LoFTR,4.222384929656982,0.984471847281405,3.3617212763303637,0.9999363988371401
農業與植物,Hoeve_Groot_Amelgem__Wolvertem_05.jpg,SIFT,133.12545776367188,0.9823222165986072,2.65973310295054,0.9999760915322831
農業與植物,Hoeve_Groot_Amelgem__Wolvertem_05.jpg,ORB,1541.7335205078125,0.8739473494006413,25.468790929682534,0.9983751026590763
農業與植物,Hoeve_Groot_Amelgem__Wolvertem_05.jpg,LoFTR,1062.3768310546875,0.9000048259405152,0.49378278362027267,0.9999840590112182
農業與植物,Land_near_Beacon_Farm_-_geograph.org.uk_-_3121852.jpg,SIFT,50.30484390258789,0.9774911459705269,7.629701075060552,0.9991474907555309
農業與植物,Land_near_Beacon_Farm_-_geograph.org.uk_-_3121852.jpg,ORB,87.0972900390625,0.9566888989539313,12.862808333489683,0.9971195671537072
農業與植物,Land_near_Beacon_Farm_-_geograph.org.uk_-_3121852.jpg,LoFTR,140.89479064941406,0.9405996715194187,16.39641916134539,0.9955213572370767
農業與植物,Once_cultivated_land_-_geograph.org.uk_-_4956604.jpg,SIFT,16.428190231323242,0.9956721114966789,1.7831544039564289,0.9998823703093828
農業與植物,Once_cultivated_land_-_geograph.org.uk_-_4956604.jpg,ORB,360.2194519042969,0.9616180853297096,6.850209168483422,0.9981810091664025
農業與植物,Once_cultivated_land_-_geograph.org.uk_-_4956604.jpg,LoFTR,138.60142517089844,0.9828209217604501,0.5743313743064651,0.9999882724078056
農業與植物,The_Royal_Agricultural_College_-_geograph.org.uk_-_3881124.jpg,SIFT,65025.0,0.0,500.0,0.0
農業與植物,The_Royal_Agricultural_College_-_geograph.org.uk_-_3881124.jpg,ORB,409.2662353515625,0.8360279172408617,352.19425021081787,-0.6278856513740253
農業與植物,The_Royal_Agricultural_College_-_geograph.org.uk_-_3881124.jpg,LoFTR,116.49930572509766,0.9808306795539945,3.2807327167460416,0.9990876496514948
農業與植物,Waterlogged_land__Wilsthorpe_-_geograph.org.uk_-_4862920.jpg,SIFT,188.08224487304688,0.9724421140257187,3.321633678357773,0.9991774678846836
農業與植物,Waterlogged_land__Wilsthorpe_-_geograph.org.uk_-_4862920.jpg,ORB,224.57412719726562,0.9658676468259749,1.3972681863368837,0.9999956770374379
農業與植物,Waterlogged_land__Wilsthorpe_-_geograph.org.uk_-_4862920.jpg,LoFTR,103.05059051513672,0.9852637470553526,0.19121997649099032,0.9999985784223743
農業與植物,Waterlogged_land_between_two_parallel_drains_-_geograph.org.uk_-_4281317.jpg,SIFT,65025.0,0.0,500.0,0.0
農業與植物,Waterlogged_land_between_two_parallel_drains_-_geograph.org.uk_-_4281317.jpg,ORB,25349.830078125,0.5736537850137762,332.23749432234706,-0.8937189866781027
農業與植物,Waterlogged_land_between_two_parallel_drains_-_geograph.org.uk_-_4281317.jpg,LoFTR,65025.0,0.0,500.0,0.0
農業與植物,AgriTech_KMITL_Agricultural_land_3.jpg,SIFT,0.5926654934883118,0.9987242775241004,0.40126961935649136,0.9999936371602118
農業與植物,AgriTech_KMITL_Agricultural_land_3.jpg,ORB,46.78679656982422,0.963839688917518,4.635764314369419,0.9992121019620006
農業與植物,AgriTech_KMITL_Agricultural_land_3.jpg,LoFTR,48.27093505859375,0.96084793906732,5.776438750780018,0.9990873410193374
農業與植物,Agricultural-labor-land_(OWID_0030).png,SIFT,65025.0,0.0,500.0,0.0
農業與植物,Agricultural-labor-land_(OWID_0030).png,ORB,22120.2578125,0.5974778300851133,161.22999946148474,0.861609638006999
農業與植物,Agricultural-labor-land_(OWID_0030).png,LoFTR,19631.91796875,0.657996856452116,729.3985020144338,-0.6722702117184185
農業與植物,Agricultural_Buchan_-_geograph.org.uk_-_725740.jpg,SIFT,65025.0,0.0,500.0,0.0
農業與植物,Agricultural_Buchan_-_geograph.org.uk_-_725740.jpg,ORB,929.1195068359375,0.6274813086692941,201.84249624935282,0.16474109411119495
農業與植物,Agricultural_Buchan_-_geograph.org.uk_-_725740.jpg,LoFTR,66.43350219726562,0.9765151738727257,2.3932130999786265,0.9991523781322745
農業與植物,Agricultural_Land_-_geograph.org.uk_-_3717168.jpg,SIFT,65025.0,0.0,500.0,0.0
農業與植物,Agricultural_Land_-_geograph.org.uk_-_3717168.jpg,ORB,508.6519775390625,0.401595675772417,102.92621287784621,0.8500117074110812
農業與植物,Agricultural_Land_-_geograph.org.uk_-_3717168.jpg,LoFTR,371.2808532714844,0.6863848941589241,96.62041429399402,0.8507965458508134
農業與植物,Agricultural_Land_near_Spelmonden_-_geograph.org.uk_-_3954028.jpg,SIFT,1.4159939289093018,0.9966045189000826,0.6324124032149728,0.9999946928654709
農業與植物,Agricultural_Land_near_Spelmonden_-_geograph.org.uk_-_3954028.jpg,ORB,69.94458770751953,0.9450121830525904,0.8445372548412109,0.9999863297541164
農業與植物,Agricultural_Land_near_Spelmonden_-_geograph.org.uk_-_3954028.jpg,LoFTR,42.93387222290039,0.9851994167488856,0.42676001775057015,0.9999993906748283
農業與植物,Agricultural_land_-_geograph.org.uk_-_153946.jpg,SIFT,9553.9169921875,0.778626187829887,642.6330677266468,-0.9986001431976524
農業與植物,Agricultural_land_-_geograph.org.uk_-_153946.jpg,ORB,1468.15966796875,0.9398289779517431,7.98346694392731,0.999647521783996
農業與植物,Agricultural_land_-_geograph.org.uk_-_153946.jpg,LoFTR,1189.267578125,0.9482845848873902,16.454507444614283,0.9997245309850928
農業與植物,Agricultural_land_-_geograph.org.uk_-_3680836.jpg,SIFT,27.635953903198242,0.9883301451346649,1.2232692752175711,0.9999816177743102
農業與植物,Agricultural_land_-_geograph.org.uk_-_3680836.jpg,ORB,167.7939910888672,0.9540884332136016,2.313749333266128,0.9999705291311939
農業與植物,Agricultural_land_-_geograph.org.uk_-_3680836.jpg,LoFTR,118.58924865722656,0.9815799357919569,0.5518487724618826,0.9999907882191968
農業與植物,Agricultural_land_-_geograph.org.uk_-_3882271.jpg,SIFT,50876.32421875,0.09021606750813288,981.7152101281969,-0.458039335825239
農業與植物,Agricultural_land_-_geograph.org.uk_-_3882271.jpg,ORB,126.98926544189453,0.9737662998016217,3.8934066288300264,0.9999994346036466
農業與植物,Agricultural_land_-_geograph.org.uk_-_3882271.jpg,LoFTR,115.2071533203125,0.9820215965978687,3.2514692234617577,0.9996682411491549
農業與植物,Agricultural_land_-_geograph.org.uk_-_5511574.jpg,SIFT,65025.0,0.0,500.0,0.0
農業與植物,Agricultural_land_-_geograph.org.uk_-_5511574.jpg,ORB,4389.9775390625,0.1917260514366156,206.58599944107178,0.9681589534081666
農業與植物,Agricultural_land_-_geograph.org.uk_-_5511574.jpg,LoFTR,118.23062896728516,0.9608544373433536,6.498012082421841,0.9970452635961131
農業與植物,Agricultural_land_-_geograph.org.uk_-_5511591.jpg,SIFT,11014.14453125,0.7342612086158494,832.0315585294755,-0.6822178021242665
農業與植物,Agricultural_land_-_geograph.org.uk_-_5511591.jpg,ORB,4197.1875,0.8164598789089156,2371.5614625660364,0.9510861013858771
農業與植物,Agricultural_land_-_geograph.org.uk_-_5511591.jpg,LoFTR,168.9727783203125,0.9751874494669114,10.759441936936277,0.9993921404063348
農業與植物,Agricultural_land_-_geograph.org.uk_-_5511625.jpg,SIFT,127.03348541259766,0.9859587624057798,2.5223196733989446,0.9998074769984742
農業與植物,Agricultural_land_-_geograph.org.uk_-_5511625.jpg,ORB,140.1109619140625,0.9748914872366311,1.3680227278783994,0.9999905936495197
農業與植物,Agricultural_land_-_geograph.org.uk_-_5511625.jpg,LoFTR,160.1011505126953,0.9759710458693521,1.6205259578026774,0.9998500014932679
農業與植物,Agricultural_land_-_geograph.org.uk_-_5511683.jpg,SIFT,65025.0,0.0,500.0,0.0
農業與植物,Agricultural_land_-_geograph.org.uk_-_5511683.jpg,ORB,2053.89794921875,0.5047204998139557,141.43498206361662,0.9891483718024788
農業與植物,Agricultural_land_-_geograph.org.uk_-_5511683.jpg,LoFTR,113.69950103759766,0.9577090775753101,13.36030440235687,0.970130705913161
農業與植物,Agricultural_land_at_Copp_-_geograph.org.uk_-_4612622.jpg,SIFT,46.94016647338867,0.9847202003399661,2.5388644098291766,0.9999954010948218
農業與植物,Agricultural_land_at_Copp_-_geograph.org.uk_-_4612622.jpg,ORB,162.9373779296875,0.9685364729911116,1.7318319974676166,0.9999855916922702
農業與植物,Agricultural_land_at_Copp_-_geograph.org.uk_-_4612622.jpg,LoFTR,278.304931640625,0.9466145874848696,6.164831038399615,0.9999955837507947
農業與植物,Agricultural_land_at_Lilling_-_geograph.org.uk_-_6932651.jpg,SIFT,40.17755126953125,0.9888421374663959,6.712277604389359,0.9974666052021134
農業與植物,Agricultural_land_at_Lilling_-_geograph.org.uk_-_6932651.jpg,ORB,106.96411895751953,0.9770850675848315,3.2857252715632024,0.9995142252220127
農業與植物,Agricultural_land_at_Lilling_-_geograph.org.uk_-_6932651.jpg,LoFTR,1556.4637451171875,0.8590592390381568,59.447168919288366,0.8694851034074904
農業與植物,Agricultural_land_in_Egypt.jpg,SIFT,26.318429946899414,0.9914261143843885,2.6973763299686246,0.9815909128648131
農業與植物,Agricultural_land_in_Egypt.jpg,ORB,162.4182586669922,0.962883533618841,0.8523213063598304,0.999946947942321
農業與植物,Agricultural_land_in_Egypt.jpg,LoFTR,152.68653869628906,0.9710314613379935,0.815138032558164,0.9984406382222109
農業與植物,Agricultural_land_near_Gathurst_-_geograph.org.uk_-_5492938.jpg,SIFT,24.15859031677246,0.9940868823993515,3.18753681395901,0.999971265075529
農業與植物,Agricultural_land_near_Gathurst_-_geograph.org.uk_-_5492938.jpg,ORB,94.53028106689453,0.9805891966131846,7.255208006557383,0.9997038123995999
農業與植物,Agricultural_land_near_Gathurst_-_geograph.org.uk_-_5492938.jpg,LoFTR,58.939231872558594,0.9849762813876893,0.6828295844625542,0.9999896964248408
農業與植物,Agricultural_land_on_former_opencast_land_-_geograph.org.uk_-_813354.jpg,SIFT,1.6503040790557861,0.9969670888491249,0.325475964822539,0.999992997777467
農業與植物,Agricultural_land_on_former_opencast_land_-_geograph.org.uk_-_813354.jpg,ORB,418.8001708984375,0.8744561910968455,16.48031358340822,0.9906194352616303
農業與植物,Agricultural_land_on_former_opencast_land_-_geograph.org.uk_-_813354.jpg,LoFTR,116.2304916381836,0.9809847330779486,0.38534256086015756,0.9999989045845337
農業與植物,Cultivated_Land_-_geograph.org.uk_-_5405196.jpg,SIFT,1119.439208984375,0.4203491881755611,276.93894469493245,0.9972380008649954
農業與植物,Cultivated_Land_-_geograph.org.uk_-_5405196.jpg,ORB,65025.0,0.0,500.0,0.0
農業與植物,Cultivated_Land_-_geograph.org.uk_-_5405196.jpg,LoFTR,854.9093627929688,0.5501486001149147,1935.0666865603284,0.9565346421811737
農業與植物,Cultivated_land__Berrington_-_geograph.org.uk_-_2611460.jpg,SIFT,65025.0,0.0,500.0,0.0
農業與植物,Cultivated_land__Berrington_-_geograph.org.uk_-_2611460.jpg,ORB,12929.5869140625,0.6777703144338232,226.31138865171448,-0.1683322427096021
農業與植物,Cultivated_land__Berrington_-_geograph.org.uk_-_2611460.jpg,LoFTR,10536.453125,0.7251216329643696,387.43022361469144,0.3717252727802547
農業與植物,Cultivated_land__Knockhill_-_geograph.org.uk_-_4629444.jpg,SIFT,19081.759765625,0.5145054685874885,264.1995736264051,0.3184499320449397
農業與植物,Cultivated_land__Knockhill_-_geograph.org.uk_-_4629444.jpg,ORB,100.87016296386719,0.9796990627996849,0.348234628239552,0.9999869350757222
農業與植物,Cultivated_land__Knockhill_-_geograph.org.uk_-_4629444.jpg,LoFTR,97.30641174316406,0.9807561634117726,1.279156379592269,0.9999075387696291
農業與植物,Cultivated_land__Knott_Oak_-_geograph.org.uk_-_2474190.jpg,SIFT,65025.0,0.0,500.0,0.0
農業與植物,Cultivated_land__Knott_Oak_-_geograph.org.uk_-_2474190.jpg,ORB,65025.0,0.0,500.0,0.0
農業與植物,Cultivated_land__Knott_Oak_-_geograph.org.uk_-_2474190.jpg,LoFTR,64.27741241455078,0.9753723560718326,3.8851435456221384,0.9993410168508168
農業與植物,Cultivated_land__Myrehead_-_geograph.org.uk_-_1233649.jpg,SIFT,20.363574981689453,0.992933522351412,1.211474274106754,0.9999251665687645
農業與植物,Cultivated_land__Myrehead_-_geograph.org.uk_-_1233649.jpg,ORB,68.69601440429688,0.9838193908373543,0.7549010159694188,0.9999892838903806
農業與植物,Cultivated_land__Myrehead_-_geograph.org.uk_-_1233649.jpg,LoFTR,85.04975128173828,0.9800669596602831,0.5592192140742993,0.9999827998977175
農業與植物,Cultivated_land.jpg,SIFT,0.24354510009288788,0.9991100822733792,0.20416828881774138,0.9999997358989869
農業與植物,Cultivated_land.jpg,ORB,210.28216552734375,0.8483708586249592,10.509299228112498,0.9999197650033133
農業與植物,Cultivated_land.jpg,LoFTR,57.77639389038086,0.9795613757971506,0.8502091789526279,0.9999980205322311
農業與植物,Cultivated_land_-_Poors_Farm_-_geograph.org.uk_-_1535704.jpg,SIFT,4596.70751953125,0.509071768631152,172.00457231798848,0.8497876853190659
農業與植物,Cultivated_land_-_Poors_Farm_-_geograph.org.uk_-_1535704.jpg,ORB,65025.0,0.0,500.0,0.0
農業與植物,Cultivated_land_-_Poors_Farm_-_geograph.org.uk_-_1535704.jpg,LoFTR,184.6211395263672,0.9678272608403728,4.37273172183824,0.9993250398316792
農業與植物,Cultivated_land_-_geograph.org.uk_-_3114756.jpg,SIFT,14.618000984191895,0.9779592874891448,3.3949194484853553,0.9992493941406614
農業與植物,Cultivated_land_-_geograph.org.uk_-_3114756.jpg,ORB,42.23307418823242,0.9766242836202231,1.219631838880785,0.9998967129996834
農業與植物,Cultivated_land_-_geograph.org.uk_-_3114756.jpg,LoFTR,56.81277847290039,0.9698528137755277,2.5451983915872343,0.9999993293963462
農業與植物,Cultivated_land_above_Belford_-_geograph.org.uk_-_3191546.jpg,SIFT,59.2006950378418,0.9889662427088408,0.9006851179618205,0.9998392844567736
農業與植物,Cultivated_land_above_Belford_-_geograph.org.uk_-_3191546.jpg,ORB,490.640625,0.9557101875923097,7.0113030827012786,0.9934670573194339
農業與植物,Cultivated_land_above_Belford_-_geograph.org.uk_-_3191546.jpg,LoFTR,149.0228271484375,0.9775929212250781,1.0004981346261244,0.9999936360202262
農業與植物,Farmland_in_the_village_of_Targaon__Maharashtra_2.jpg,SIFT,517.4944458007812,0.968643315916415,14.65175311521027,0.9915164404923384
農業與植物,Farmland_in_the_village_of_Targaon__Maharashtra_2.jpg,ORB,263.90380859375,0.9715672442338651,3.7976616560778655,0.9996973245700571
農業與植物,Farmland_in_the_village_of_Targaon__Maharashtra_2.jpg,LoFTR,282.2036437988281,0.9697148441798187,3.1917102746206556,0.9997035650840435
農業與植物,Farmland_in_the_village_of_Targaon__Maharashtra_4.jpg,SIFT,4.146491050720215,0.9853698712938753,3.412195002275751,0.9828089920887781
農業與植物,Farmland_in_the_village_of_Targaon__Maharashtra_4.jpg,ORB,105.56346130371094,0.9065053270566311,3.4560861704132084,0.9919616281959223
農業與植物,Farmland_in_the_village_of_Targaon__Maharashtra_4.jpg,LoFTR,292.5250549316406,0.8568134964873437,61.010552348131796,-0.1409849694529315
農業與植物,Farmland_in_the_village_of_Targaon__Maharashtra_8.jpg,SIFT,16.563486099243164,0.9889178932993293,6.42052391001974,0.9999992880968155
農業與植物,Farmland_in_the_village_of_Targaon__Maharashtra_8.jpg,ORB,187.7501678466797,0.8942158372027331,14.47640417293989,0.9998451977801776
農業與植物,Farmland_in_the_village_of_Targaon__Maharashtra_8.jpg,LoFTR,64.77982330322266,0.9822834857297119,4.265073370388045,0.9998626379597736
農業與植物,Farmland_near_Redmile_-_geograph.org.uk_-_978478.jpg,SIFT,1.5979708433151245,0.9974260181696576,0.3900273512375839,0.9999776227269818
農業與植物,Farmland_near_Redmile_-_geograph.org.uk_-_978478.jpg,ORB,27.339906692504883,0.9872988684167316,0.8683069913475842,0.9999086173618243
農業與植物,Farmland_near_Redmile_-_geograph.org.uk_-_978478.jpg,LoFTR,24.367372512817383,0.9896375178285934,1.0688007858749917,0.999984760045388
農業與植物,Flat_agricultural_land_-_geograph.org.uk_-_5951823.jpg,SIFT,15673.91796875,0.6685002812435621,560.4103582633805,-0.9996888009975895
農業與植物,Flat_agricultural_land_-_geograph.org.uk_-_5951823.jpg,ORB,6794.28466796875,0.8171368036487705,88.09001890520838,0.6607335348739052
農業與植物,Flat_agricultural_land_-_geograph.org.uk_-_5951823.jpg,LoFTR,75.15833282470703,0.9832671868640263,0.25471845344895133,0.9999998765434075
農業與植物,Formerly_cultivated_land_northwest_of_Hallaig_-_geograph.org.uk_-_3912411.jpg,SIFT,38965.36328125,0.23740856265973004,364.68768936252746,-0.9343249781967287
農業與植物,Formerly_cultivated_land_northwest_of_Hallaig_-_geograph.org.uk_-_3912411.jpg,ORB,40929.8203125,0.06416056706079286,119.71684689229261,-0.4565369359377429
農業與植物,Formerly_cultivated_land_northwest_of_Hallaig_-_geograph.org.uk_-_3912411.jpg,LoFTR,63.039215087890625,0.9853716180648044,0.8367852840870483,0.9999895679015605
農業與植物,Freshly_cultivated_land__Camp_Hill_-_geograph.org.uk_-_1005800.jpg,SIFT,42582.71875,0.0328203947076214,270.4144916547723,0.13326849130901608
農業與植物,Freshly_cultivated_land__Camp_Hill_-_geograph.org.uk_-_1005800.jpg,ORB,12317.96484375,0.49077836926196955,599.789743214589,-0.022950820386281594
農業與植物,Freshly_cultivated_land__Camp_Hill_-_geograph.org.uk_-_1005800.jpg,LoFTR,451.34527587890625,0.9591499204400938,3.1364775268114715,0.9998936851316539
農業與植物,Fritton__Agricultural_land_-_geograph.org.uk_-_6433685.jpg,SIFT,77.56217193603516,0.9778525180320948,7.153217084869211,0.9968524044802024
農業與植物,Fritton__Agricultural_land_-_geograph.org.uk_-_6433685.jpg,ORB,1849.3394775390625,0.8810472538058717,56.805094479594906,0.7779345131207022
農業與植物,Fritton__Agricultural_land_-_geograph.org.uk_-_6433685.jpg,LoFTR,88.39795684814453,0.978867599940987,1.866791834215274,0.9999998960470718
農業與植物,Hastingleigh__Agricultural_land_-_geograph.org.uk_-_6268299.jpg,SIFT,983.1167602539062,0.26195256298892877,440.96799806921587,0.7941729997757384
農業與植物,Hastingleigh__Agricultural_land_-_geograph.org.uk_-_6268299.jpg,ORB,673.3267211914062,0.5338772878066247,146.53612347445647,0.7799315604256011
農業與植物,Hastingleigh__Agricultural_land_-_geograph.org.uk_-_6268299.jpg,LoFTR,2343.940673828125,0.35173315138782707,294.43030115175384,0.5879790087468968
農業與植物,Heather_moorland_amid_cultivated_land_-_geograph.org.uk_-_5193148.jpg,SIFT,4591.34228515625,0.3734692963459796,153.50187816568064,0.8731879724229799
農業與植物,Heather_moorland_amid_cultivated_land_-_geograph.org.uk_-_5193148.jpg,ORB,5887.86279296875,0.26509314330452255,296.17510537658393,0.9938240140795759
農業與植物,Heather_moorland_amid_cultivated_land_-_geograph.org.uk_-_5193148.jpg,LoFTR,127.65833282470703,0.9780016006634138,0.9821227448122931,0.9999936085633383
農業與植物,Highclere__Harvested_agricultural_land_-_geograph.org.uk_-_6261794.jpg,SIFT,314.6973571777344,0.9656846663897525,3.802873990782394,0.9998247911865579
農業與植物,Highclere__Harvested_agricultural_land_-_geograph.org.uk_-_6261794.jpg,ORB,1528.123291015625,0.8828986777267255,22.131045629313977,0.9888383539070652
農業與植物,Highclere__Harvested_agricultural_land_-_geograph.org.uk_-_6261794.jpg,LoFTR,243.48794555664062,0.9672495802040397,2.3296661875808913,0.9997883454072982
農業與植物,Newly_cultivated_land_above_Butleigh_-_geograph.org.uk_-_2484599.jpg,SIFT,7.3343915939331055,0.9957634247487506,0.660308196075799,0.9999949196853357
農業與植物,Newly_cultivated_land_above_Butleigh_-_geograph.org.uk_-_2484599.jpg,ORB,125.95177459716797,0.9535959175141361,1.9158612579855503,0.9998633782593909
農業與植物,Newly_cultivated_land_above_Butleigh_-_geograph.org.uk_-_2484599.jpg,LoFTR,105.71334075927734,0.9401504832900527,4.197859907658265,0.9992746075931362
農業與植物,Newly_cultivated_land_near_Throsk_-_geograph.org.uk_-_5771179.jpg,SIFT,65025.0,0.0,500.0,0.0
農業與植物,Newly_cultivated_land_near_Throsk_-_geograph.org.uk_-_5771179.jpg,ORB,686.3086547851562,0.3113072920240099,121.9467427226051,0.9921352778947022
農業與植物,Newly_cultivated_land_near_Throsk_-_geograph.org.uk_-_5771179.jpg,LoFTR,158.08204650878906,0.8774576535665456,7.5306761082130915,0.9992898584417313
農業與植物,North_Elmham__Agricultural_land_-_geograph.org.uk_-_6177943.jpg,SIFT,2.3741822242736816,0.998439946772765,0.4424797757677602,0.9993195247162918
農業與植物,North_Elmham__Agricultural_land_-_geograph.org.uk_-_6177943.jpg,ORB,1889.224609375,0.7833880680243641,17.275760347308726,0.9023012917206511
農業與植物,North_Elmham__Agricultural_land_-_geograph.org.uk_-_6177943.jpg,LoFTR,77.19605255126953,0.9828203394705456,0.6433529289562953,0.9998284222209939
農業與植物,North_across_freshly_cultivated_land_-_geograph.org.uk_-_592179.jpg,SIFT,328.01043701171875,0.9704902200070145,3.6897424152282694,0.9999483276534131
農業與植物,North_across_freshly_cultivated_land_-_geograph.org.uk_-_592179.jpg,ORB,1939.3485107421875,0.9094569731891592,9.927695627365912,0.9999128297952595
農業與植物,North_across_freshly_cultivated_land_-_geograph.org.uk_-_592179.jpg,LoFTR,168.1878662109375,0.9806248501075705,0.424854827372441,0.9999959273667894
農業與植物,Once-cultivated_land_at_Mugeary_-_geograph.org.uk_-_2786849.jpg,SIFT,21817.689453125,0.5783981997551283,577.4380555867099,0.6192045021485056
農業與植物,Once-cultivated_land_at_Mugeary_-_geograph.org.uk_-_2786849.jpg,ORB,329.5276184082031,0.9543422054933399,1.5840858872787031,0.9999149219344255
農業與植物,Once-cultivated_land_at_Mugeary_-_geograph.org.uk_-_2786849.jpg,LoFTR,167.05979919433594,0.9782216284332744,0.7753608996584618,0.9999919903549921
農業與植物,Total-agricultural-land-use-per-person_(OWID_1037).png,SIFT,30118.638671875,0.4512344266361309,652.9395613829374,0.99895042122557
農業與植物,Total-agricultural-land-use-per-person_(OWID_1037).png,ORB,25885.953125,0.540593328854797,57.51067432754517,0.9740966155451152
農業與植物,Total-agricultural-land-use-per-person_(OWID_1037).png,LoFTR,15543.384765625,0.686787115404282,1262.3228645683726,-0.9993589420773704
農業與植物,Vale_of_Belvoir_farmland_-_geograph.org.uk_-_954665.jpg,SIFT,8735.2392578125,0.7673467207323243,697.7087338397885,-0.1605873909515351
農業與植物,Vale_of_Belvoir_farmland_-_geograph.org.uk_-_954665.jpg,ORB,9206.28125,0.7639602160710415,238.54346995402108,-0.6328197301796982
農業與植物,Vale_of_Belvoir_farmland_-_geograph.org.uk_-_954665.jpg,LoFTR,641.8564453125,0.9599073442236217,6.424464648484622,0.9842451465084754
農業與植物,Vale_of_Belvoir_farmland_-_geograph.org.uk_-_973736.jpg,SIFT,8.330854415893555,0.9891333038798102,1.050859513855737,0.9999962788762611
農業與植物,Vale_of_Belvoir_farmland_-_geograph.org.uk_-_973736.jpg,ORB,310.96514892578125,0.8840080921500989,5.4190310312572025,0.9999573662584496
農業與植物,Vale_of_Belvoir_farmland_-_geograph.org.uk_-_973736.jpg,LoFTR,193.08447265625,0.9569123378889329,5.696079770670997,0.9999519355158916
農業與植物,Vale_of_Belvoir_farmland_-_geograph.org.uk_-_982615.jpg,SIFT,1.2701829671859741,0.9971282957963975,1.3887660335857508,0.9999977291123637
農業與植物,Vale_of_Belvoir_farmland_-_geograph.org.uk_-_982615.jpg,ORB,299.6316223144531,0.8141343433744969,25.70164848490009,0.9919065028483048
農業與植物,Vale_of_Belvoir_farmland_-_geograph.org.uk_-_982615.jpg,LoFTR,61.418243408203125,0.9744680630402244,6.45272974812972,0.9988448382114851
農業與植物,View_across_agricultural_land_-_geograph.org.uk_-_6054935.jpg,SIFT,65025.0,0.0,500.0,0.0
農業與植物,View_across_agricultural_land_-_geograph.org.uk_-_6054935.jpg,ORB,1003.4452514648438,0.5120950958861603,125.23714851506702,0.993727776678126
農業與植物,View_across_agricultural_land_-_geograph.org.uk_-_6054935.jpg,LoFTR,73.54322052001953,0.9857402364513903,0.4800061557649953,0.9999989739697841
農業與植物,Waterlogged_agricultural_land_on_the_Ribble_floodplain_-_geograph.org.uk_-_4781239.jpg,SIFT,4.216205596923828,0.9930932801579127,2.338966329121968,0.9999116237300618
農業與植物,Waterlogged_agricultural_land_on_the_Ribble_floodplain_-_geograph.org.uk_-_4781239.jpg,ORB,81.0701904296875,0.9689193435804277,4.545609459180086,0.9995589665388532
農業與植物,Waterlogged_agricultural_land_on_the_Ribble_floodplain_-_geograph.org.uk_-_4781239.jpg,LoFTR,71.0237808227539,0.9768988012856875,2.5987960305784066,0.9999288614717987
農業與植物,Weeds_of_agricultural_land_-_geograph.org.uk_-_4049111.jpg,SIFT,4.937496662139893,0.9827222636477468,4.852460864958225,0.999998973469194
農業與植物,Weeds_of_agricultural_land_-_geograph.org.uk_-_4049111.jpg,ORB,110.04190063476562,0.9108806913754933,27.734676068865593,0.993278605646847
農業與植物,Weeds_of_agricultural_land_-_geograph.org.uk_-_4049111.jpg,LoFTR,70.9620590209961,0.9831840821290765,1.016171824286203,0.9999798242338612
農業與植物,West_Lincolnshire_farmland_-_geograph.org.uk_-_1031649.jpg,SIFT,34.73639678955078,0.9934554306660719,1.1706541433290591,0.9999436558880351
農業與植物,West_Lincolnshire_farmland_-_geograph.org.uk_-_1031649.jpg,ORB,569.5399169921875,0.8196221765183023,12.017682256419373,0.9951242972451738
農業與植物,West_Lincolnshire_farmland_-_geograph.org.uk_-_1031649.jpg,LoFTR,249.6549072265625,0.9580915788431023,2.8531650676025784,0.9996561036948107
城市建築,Albuquerque-nighttime-cityscape-from-Sandia-Crest.jpg,SIFT,2.8203938007354736,0.988110683116986,2.3282203196942186,0.9997249220685076
城市建築,Albuquerque-nighttime-cityscape-from-Sandia-Crest.jpg,ORB,148.61962890625,0.9798459914803503,0.9251600365438325,0.9999516823533291
城市建築,Albuquerque-nighttime-cityscape-from-Sandia-Crest.jpg,LoFTR,149.21441650390625,0.9799751250714824,0.6967494171639859,0.9999946040413517
城市建築,Alexander_Osmerkin_—_Cityscape_(1917).jpg,SIFT,18.466588973999023,0.9905526617211803,0.1343837408974366,0.9999986629407569
城市建築,Alexander_Osmerkin_—_Cityscape_(1917).jpg,ORB,174.28074645996094,0.9681482460516759,0.10476651239106839,0.9999991020659954
城市建築,Alexander_Osmerkin_—_Cityscape_(1917).jpg,LoFTR,141.96923828125,0.9833287449259273,0.07531566605378086,0.9999997391558493
城市建築,Amboy_(California__USA)_--_2012_--_4.jpg,SIFT,22.673738479614258,0.984206537471929,12.100036453177983,0.9907801572613455
城市建築,Amboy_(California__USA)_--_2012_--_4.jpg,ORB,170.22933959960938,0.9246283317180621,35.49462515537867,0.8945830958789242
城市建築,Amboy_(California__USA)_--_2012_--_4.jpg,LoFTR,81.28125762939453,0.9810811385880485,0.8998324849721242,0.9999402356982325
城市建築,Bangkok_Night_Wikimedia_Commons.jpg,SIFT,1.3634936809539795,0.9951017346021588,0.4011842142115874,0.9999841538367467
城市建築,Bangkok_Night_Wikimedia_Commons.jpg,ORB,128.82208251953125,0.9339755904856799,3.452429860292663,0.9993840944022592
城市建築,Bangkok_Night_Wikimedia_Commons.jpg,LoFTR,113.16192626953125,0.9541683262026472,1.5750030961255268,0.9997768787451633
城市建築,Boston_skyline_from_Cambridge_November_2015_panorama_1.jpg,SIFT,2758.779052734375,0.3451927778936302,374.5676409254997,-0.28794454510035844
城市建築,Boston_skyline_from_Cambridge_November_2015_panorama_1.jpg,ORB,4702.3701171875,0.3732448615457089,188.50366222154622,-0.29796207450959517
城市建築,Boston_skyline_from_Cambridge_November_2015_panorama_1.jpg,LoFTR,2044.99658203125,0.5866724745651865,209.1023413763933,-0.5605035771854858
城市建築,Breisach_-_Breisacher_Münster1.jpg,SIFT,9.445636749267578,0.9975614886166214,0.6943734566079702,0.9998223160712298
城市建築,Breisach_-_Breisacher_Münster1.jpg,ORB,137.31114196777344,0.9711564377461297,0.8133186980577817,0.9999857266982572
城市建築,Breisach_-_Breisacher_Münster1.jpg,LoFTR,108.8066635131836,0.9773744633066402,1.665755194210746,0.9994643223677134
城市建築,Canal_de_la_Peyrade_toward_Sète.jpg,SIFT,20.7634334564209,0.9910081265804541,1.3875558703606263,0.9998689889230589
城市建築,Canal_de_la_Peyrade_toward_Sète.jpg,ORB,87.77193450927734,0.9624176200706663,2.0834227255597253,0.9992915245337667
城市建築,Canal_de_la_Peyrade_toward_Sète.jpg,LoFTR,39.94856262207031,0.9834402557822061,0.591986783109205,0.9999993000367178
城市建築,Canal_houses_and_Oude_Kerk_at_blue_hour_with_water_reflection_in_Damrak_Amsterdam_Netherlands.jpg,SIFT,20.42867088317871,0.989267538533595,1.8773578178195927,0.9998444676368078
城市建築,Canal_houses_and_Oude_Kerk_at_blue_hour_with_water_reflection_in_Damrak_Amsterdam_Netherlands.jpg,ORB,37.90924835205078,0.9816910672391791,0.7054895251403441,0.9999999855093156
城市建築,Canal_houses_and_Oude_Kerk_at_blue_hour_with_water_reflection_in_Damrak_Amsterdam_Netherlands.jpg,LoFTR,369.111328125,0.8743904954260414,2.0878160786911595,0.9999140036233755
城市建築,Cityscape_(NIH_BioArt_79_-_628423).png,SIFT,2946.266845703125,0.6898178738737217,348.68443940287784,0.9467687336267522
城市建築,Cityscape_(NIH_BioArt_79_-_628423).png,ORB,65025.0,0.0,500.0,0.0
城市建築,Cityscape_(NIH_BioArt_79_-_628423).png,LoFTR,208.05775451660156,0.9593390120489704,11.292911699360904,0.9988201373874852
城市建築,Cityscape_(Rozanova__1912_(Slobodsky)).jpg,SIFT,7.062880992889404,0.9942615024921683,0.214456638977425,0.9999900903663598
城市建築,Cityscape_(Rozanova__1912_(Slobodsky)).jpg,ORB,55.027225494384766,0.9820502000354843,0.6025890319341701,0.9999940564769941
城市建築,Cityscape_(Rozanova__1912_(Slobodsky)).jpg,LoFTR,45.21171951293945,0.9872666177299312,0.20553139107985155,0.999997213581729
城市建築,Cityscape_and_skyline_by_the_Copenhagen_Lakes__Denmark_-_(36018109956).jpg,SIFT,59.258575439453125,0.9671125576834576,2.2578591656580795,0.985719912318986
城市建築,Cityscape_and_skyline_by_the_Copenhagen_Lakes__Denmark_-_(36018109956).jpg,ORB,55.65660095214844,0.9627541437647978,1.6237915191237866,0.9922913928192204
城市建築,Cityscape_and_skyline_by_the_Copenhagen_Lakes__Denmark_-_(36018109956).jpg,LoFTR,27.703372955322266,0.9788344077305288,1.3643291247591804,0.9978445127188792
城市建築,Cityscape_of_Chicago__Illinois_at_daytime__taken_at_a_riverboat_architecture_tour.jpg,SIFT,65025.0,0.0,500.0,0.0
城市建築,Cityscape_of_Chicago__Illinois_at_daytime__taken_at_a_riverboat_architecture_tour.jpg,ORB,134.4547576904297,0.8373311261872408,260.34782535818846,-0.9994892125069043
城市建築,Cityscape_of_Chicago__Illinois_at_daytime__taken_at_a_riverboat_architecture_tour.jpg,LoFTR,150.2901153564453,0.6646287542720791,729.750575538777,-0.496452060568079
城市建築,Cityscape_of_Shimla.jpg,SIFT,26.009628295898438,0.992958967344361,1.1223294750802415,0.9996145980514222
城市建築,Cityscape_of_Shimla.jpg,ORB,437.3337097167969,0.905442513657888,8.603082620009479,0.971808703437282
城市建築,Cityscape_of_Shimla.jpg,LoFTR,283.880859375,0.9603224142044433,4.881574039049069,0.9965868176140117
城市建築,Cms_Broadstreet_Junction.jpg,SIFT,1.3468525409698486,0.995903717564037,0.48387842348537746,0.999978790657548
城市建築,Cms_Broadstreet_Junction.jpg,ORB,57.13230895996094,0.9801139439366954,0.6108134336580061,0.999974660895763
城市建築,Cms_Broadstreet_Junction.jpg,LoFTR,56.792724609375,0.9818762792044365,0.3945939588575726,0.9999879981361647
城市建築,Colorful_canal_houses_at_golden_hour_in_Damrak_avenue_Amsterdam_the_Netherlands.jpg,SIFT,16.414512634277344,0.9860558551256504,0.3899450219923892,0.9999895886634702
城市建築,Colorful_canal_houses_at_golden_hour_in_Damrak_avenue_Amsterdam_the_Netherlands.jpg,ORB,113.3916015625,0.9418262376306508,3.231339896774489,0.9993646051035171
城市建築,Colorful_canal_houses_at_golden_hour_in_Damrak_avenue_Amsterdam_the_Netherlands.jpg,LoFTR,28.915584564208984,0.9862050289283472,0.3634943210127716,0.9999999539398997
城市建築,Colorful_windows_and_canal_houses_at_blue_hour_with_water_reflection_in_Damrak_Amsterdam_Netherlands.jpg,SIFT,2.282097339630127,0.9970947319863365,0.3197711271951486,0.9999963817711949
城市建築,Colorful_windows_and_canal_houses_at_blue_hour_with_water_reflection_in_Damrak_Amsterdam_Netherlands.jpg,ORB,101.52162170410156,0.9659149779335509,3.488909982870531,0.9986578903919779
城市建築,Colorful_windows_and_canal_houses_at_blue_hour_with_water_reflection_in_Damrak_Amsterdam_Netherlands.jpg,LoFTR,115.6101303100586,0.9617553208749937,0.3635009887378659,0.9999931246738033
城市建築,Dar_es_Salaam_before_dusk.jpg,SIFT,0.3639947175979614,0.9980010087418697,0.9470571838630323,0.9999797632604577
城市建築,Dar_es_Salaam_before_dusk.jpg,ORB,121.7636947631836,0.8984784816744038,23.04001759281999,0.9952453276493363
城市建築,Dar_es_Salaam_before_dusk.jpg,LoFTR,100.31004333496094,0.9362755319767685,10.016262059499335,0.9998320389230336
城市建築,Gudhjem_sunset_asv2024-07_img1.jpg,SIFT,93.51819610595703,0.9840135185742185,1.3282000798200861,0.9999737419004039
城市建築,Gudhjem_sunset_asv2024-07_img1.jpg,ORB,270.933837890625,0.9536344484131009,3.0232896295326395,0.9998658607459925
城市建築,Gudhjem_sunset_asv2024-07_img1.jpg,LoFTR,1137.1778564453125,0.9112645769167996,12.347414155669034,0.9966875234689138
城市建築,HerdenkingVuurgrensRotterdam1940_2007_edit1.jpg,SIFT,51.67054748535156,0.9879878101296204,0.4410335088446911,0.999904584318131
城市建築,HerdenkingVuurgrensRotterdam1940_2007_edit1.jpg,ORB,241.872802734375,0.9643894035299277,7.08688039095072,0.9750705328858847
城市建築,HerdenkingVuurgrensRotterdam1940_2007_edit1.jpg,LoFTR,84.75714111328125,0.9778579927494395,0.20155681208667797,0.9999872593413675
城市建築,Jakarta_cityscape_during_night_time__taken_from_27th_floor;_2013.jpg,SIFT,334.0911560058594,0.953945416801199,3.924884267453418,0.9977996486985953
城市建築,Jakarta_cityscape_during_night_time__taken_from_27th_floor;_2013.jpg,ORB,469.5524597167969,0.9389117688637068,9.78463514037836,0.9849477716843215
城市建築,Jakarta_cityscape_during_night_time__taken_from_27th_floor;_2013.jpg,LoFTR,90.53157806396484,0.9833262612633067,0.3102804871263462,0.9999829298518088
城市建築,Kopenhagen_(DK)__Peblinge-See__Søpavillonen_--_2017_--_1453.jpg,SIFT,18.01189613342285,0.9912135378134174,0.983744846381821,0.9999952610278555
城市建築,Kopenhagen_(DK)__Peblinge-See__Søpavillonen_--_2017_--_1453.jpg,ORB,293.2801208496094,0.9344360615637959,9.377622338579114,0.9973102491803655
城市建築,Kopenhagen_(DK)__Peblinge-See__Søpavillonen_--_2017_--_1453.jpg,LoFTR,87.2318115234375,0.9761033612354251,1.7499332235716814,0.999918102588687
城市建築,Kuala_Lumpur_cityscape_at_night_from_Roofino_Sky_Dining.jpg,SIFT,16.68059730529785,0.9830159704837539,7.097531277987546,0.9997459018861711
城市建築,Kuala_Lumpur_cityscape_at_night_from_Roofino_Sky_Dining.jpg,ORB,157.40127563476562,0.9287677375650149,6.303643503146064,0.9992827119543424
城市建築,Kuala_Lumpur_cityscape_at_night_from_Roofino_Sky_Dining.jpg,LoFTR,152.29693603515625,0.927655975174855,0.19664254915470336,0.9999994398155402
城市建築,Kuala_Lumpur_cityscape_at_night_from_Roofino_Sky_Dining_02.jpg,SIFT,0.7997221946716309,0.997598647530439,0.7246066821014885,0.9999852656201894
城市建築,Kuala_Lumpur_cityscape_at_night_from_Roofino_Sky_Dining_02.jpg,ORB,197.8789520263672,0.8816008914234309,21.609188732580076,0.9892573434871037
城市建築,Kuala_Lumpur_cityscape_at_night_from_Roofino_Sky_Dining_02.jpg,LoFTR,143.7572021484375,0.9229898402311653,9.740886190651057,0.9971672970827193
城市建築,Light_painting_gnangarra-1.jpg,SIFT,0.24713093042373657,0.998053509713137,0.7652389652396292,0.9999867765480933
城市建築,Light_painting_gnangarra-1.jpg,ORB,131.31178283691406,0.9703590136857718,3.6271659169339783,0.999915878117291
城市建築,Light_painting_gnangarra-1.jpg,LoFTR,167.15054321289062,0.9018263420068671,10.701388097855093,0.9961103615109367
城市建築,Los_Angeles_(California__USA)__South_Olive_Street_--_2012_--_4847.jpg,SIFT,182.27850341796875,0.8204748817455619,103.65721442260244,0.254147134223432
城市建築,Los_Angeles_(California__USA)__South_Olive_Street_--_2012_--_4847.jpg,ORB,1037.7655029296875,0.4668958010675841,298.21389148347754,0.4594253290292379
城市建築,Los_Angeles_(California__USA)__South_Olive_Street_--_2012_--_4847.jpg,LoFTR,656.0027465820312,0.5862693064648856,430.472265588563,0.5556282804522107
城市建築,MET_DP166115.jpg,SIFT,65025.0,0.0,500.0,0.0
城市建築,MET_DP166115.jpg,ORB,6734.73193359375,0.853539811975064,186.61650929062702,-0.15827749716329953
城市建築,MET_DP166115.jpg,LoFTR,233.9268035888672,0.9714251833413852,5.931691400466755,0.9991340519660519
城市建築,Marolles_from_Place_Poelaert__Brussels_(DSCF6759).jpg,SIFT,3.7084250450134277,0.9957307029150585,1.7997631823517093,0.9997446691612405
城市建築,Marolles_from_Place_Poelaert__Brussels_(DSCF6759).jpg,ORB,60.79733657836914,0.9730705403693197,5.100045229124352,0.998792675833575
城市建築,Marolles_from_Place_Poelaert__Brussels_(DSCF6759).jpg,LoFTR,36.60550308227539,0.9823383020482547,1.7743872974840948,0.9999968709551166
城市建築,Montreal_Twilight_Panorama_2006.jpg,SIFT,484.3373107910156,0.930577822045255,8.939027777687663,0.9920216843539459
城市建築,Montreal_Twilight_Panorama_2006.jpg,ORB,751.2532348632812,0.8944597734348565,9.641281407995116,0.9903743797795225
城市建築,Montreal_Twilight_Panorama_2006.jpg,LoFTR,465.6318054199219,0.9089266644917658,4.404763586322764,0.9979552695245169
城市建築,Moscow_International_Business_Centre__Marc_2008.JPG,SIFT,7.209352493286133,0.9863591423102991,2.5505480802673874,0.9995655491205907
城市建築,Moscow_International_Business_Centre__Marc_2008.JPG,ORB,222.4641876220703,0.944795197953437,8.635209452109187,0.9937685723271074
城市建築,Moscow_International_Business_Centre__Marc_2008.JPG,LoFTR,196.1394805908203,0.9587494956379584,1.9464975881028286,0.9996261998454065
城市建築,Münster__Aasee__Restaurants_--_2019_--_3464-8.jpg,SIFT,515.307373046875,0.8931947655363132,7.432037670475828,0.9997210778369493
城市建築,Münster__Aasee__Restaurants_--_2019_--_3464-8.jpg,ORB,200.59429931640625,0.9543916306288537,2.028073381928593,0.9999553224286342
城市建築,Münster__Aasee__Restaurants_--_2019_--_3464-8.jpg,LoFTR,105.78150939941406,0.9830746970731988,0.8077621238345282,0.999973371214183
城市建築,Night_cityscape_at_Chicago__Illinois.jpg,SIFT,2.344444513320923,0.9963108582932408,0.3730595108036032,0.9999585217404657
城市建築,Night_cityscape_at_Chicago__Illinois.jpg,ORB,83.31552124023438,0.9670634140513624,3.3358716955844088,0.9997353078604111
城市建築,Night_cityscape_at_Chicago__Illinois.jpg,LoFTR,64.81394958496094,0.9808733177566408,0.59894917883507,0.9998934954534918
城市建築,Old_Corfu_town_aerial_01.jpg,SIFT,2.226757049560547,0.9983592613295371,1.518316830817653,0.9998732602568886
城市建築,Old_Corfu_town_aerial_01.jpg,ORB,1128.886474609375,0.8487966663895433,53.77783777479546,0.4701287273280323
城市建築,Old_Corfu_town_aerial_01.jpg,LoFTR,208.49070739746094,0.9678804175394233,2.5260052300020597,0.999157391094164
城市建築,San_Francisco_cityscape_and_East_Bay__from_Twin_Peaks__above_the_Castro.jpg,SIFT,13139.7060546875,0.6712740396762393,28558.099303013307,-0.8106830899402161
城市建築,San_Francisco_cityscape_and_East_Bay__from_Twin_Peaks__above_the_Castro.jpg,ORB,8338.4150390625,0.690611002410855,1542.8161097794364,-0.883843020474768
城市建築,San_Francisco_cityscape_and_East_Bay__from_Twin_Peaks__above_the_Castro.jpg,LoFTR,78.30359649658203,0.9529237939710197,9.712494848690925,0.9999069770156784
城市建築,Sao_Paulo_cityscape_from_Edificio_Martinelli.jpg,SIFT,0.9651205539703369,0.9977748153834851,0.3316077603684707,0.9999998388901558
城市建築,Sao_Paulo_cityscape_from_Edificio_Martinelli.jpg,ORB,162.56602478027344,0.9471814498939881,1.922865923542882,0.9999878255261785
城市建築,Sao_Paulo_cityscape_from_Edificio_Martinelli.jpg,LoFTR,140.8339385986328,0.9711912692388112,0.5689952116769147,0.9999773038880977
城市建築,Sao_Paulo_cityscape_from_Edificio_Martinelli_2.jpg,SIFT,30.671974182128906,0.9913645407444989,0.9722840739076308,0.9999785438643258
城市建築,Sao_Paulo_cityscape_from_Edificio_Martinelli_2.jpg,ORB,870.51025390625,0.8625564970909694,13.864620148547111,0.9997995457599979
城市建築,Sao_Paulo_cityscape_from_Edificio_Martinelli_2.jpg,LoFTR,179.10183715820312,0.9764996775450117,0.7900790693298729,0.9999990524622648
城市建築,Sao_Paulo_cityscape_from_Ibirapuera_Park__Sao_Paulo_2.jpg,SIFT,0.9696098566055298,0.998237414679467,0.8884632271739653,0.9999900259225839
城市建築,Sao_Paulo_cityscape_from_Ibirapuera_Park__Sao_Paulo_2.jpg,ORB,62.997291564941406,0.9746710948652968,3.3893513519288128,0.9998660883676316
城市建築,Sao_Paulo_cityscape_from_Ibirapuera_Park__Sao_Paulo_2.jpg,LoFTR,51.87592697143555,0.9818875252249467,1.38386303661785,0.9999978377088208
城市建築,Sao_Paulo_cityscape_from_Ibirapuera_Park_2.jpg,SIFT,1.7331544160842896,0.9935701386881907,4.103323095612345,0.9985994106569304
城市建築,Sao_Paulo_cityscape_from_Ibirapuera_Park_2.jpg,ORB,49.48988342285156,0.9821832027348486,6.254095142213981,0.9994670042396508
城市建築,Sao_Paulo_cityscape_from_Ibirapuera_Park_2.jpg,LoFTR,52.06867599487305,0.9766933898762885,14.550330645447653,0.9922298168819529
城市建築,Shiraz_cityscape_-_Raman_Moeini_-_2023.02.21_07.33.02.jpg,SIFT,11.826020240783691,0.9940581212315844,1.9583809733313324,0.9999577863809072
城市建築,Shiraz_cityscape_-_Raman_Moeini_-_2023.02.21_07.33.02.jpg,ORB,963.5972900390625,0.8149922260894638,82.95120132533758,0.998604605137942
城市建築,Shiraz_cityscape_-_Raman_Moeini_-_2023.02.21_07.33.02.jpg,LoFTR,221.71969604492188,0.9631512785261864,19.35718580193742,0.9948415863464682
城市建築,Stade__Hansehafen_--_2018_--_2961.jpg,SIFT,2.9049534797668457,0.9938212187773319,2.021495694879184,0.999998183775855
城市建築,Stade__Hansehafen_--_2018_--_2961.jpg,ORB,94.48487854003906,0.9569895779679922,8.360050006943643,0.9997846363396747
城市建築,Stade__Hansehafen_--_2018_--_2961.jpg,LoFTR,92.2411880493164,0.9628046553793523,3.6260013290345583,0.9991630593483746
城市建築,Sydney_(AU)__Darling_Harbour_--_2019_--_3193-5.jpg,SIFT,8.891008377075195,0.9910580415656162,4.401957222633734,0.9999823411535083
城市建築,Sydney_(AU)__Darling_Harbour_--_2019_--_3193-5.jpg,ORB,104.17521667480469,0.9786495581058513,0.8372775075898844,0.9999997634507535
城市建築,Sydney_(AU)__Darling_Harbour_--_2019_--_3193-5.jpg,LoFTR,133.29881286621094,0.9551989499889356,8.150998649506331,0.9998384695392387
城市建築,Sète_from_Mount_Saint-Clair_by_night_01.jpg,SIFT,13.821372032165527,0.9911406341457885,2.587431125219144,0.9998807591266159
城市建築,Sète_from_Mount_Saint-Clair_by_night_01.jpg,ORB,58.13591384887695,0.9553842116460338,14.579586333974063,0.9996899322199074
城市建築,Sète_from_Mount_Saint-Clair_by_night_01.jpg,LoFTR,40.73613357543945,0.9755297645368923,0.9862252372518912,0.9999783434150493
城市建築,Taipei_night_cityscape_2018.jpg,SIFT,8.50429630279541,0.9795474398724664,1.9519881141908348,0.9999931659735902
城市建築,Taipei_night_cityscape_2018.jpg,ORB,140.84144592285156,0.8114741360511333,5.860993774402127,0.9990039160011887
城市建築,Taipei_night_cityscape_2018.jpg,LoFTR,17.16800880432129,0.9823015524602791,0.5282712832673524,0.9999909282585049
城市建築,Tampa_Florida_November_2013-2b.jpg,SIFT,8.116421699523926,0.9943926750283258,0.9853622431717035,0.9999559818297785
城市建築,Tampa_Florida_November_2013-2b.jpg,ORB,63.83570098876953,0.9421651163666528,3.8242231255671038,0.9639416084449859
城市建築,Tampa_Florida_November_2013-2b.jpg,LoFTR,12.740704536437988,0.9787423488192046,0.23613335098291255,0.9998893199832848
城市建築,The_Dam_in_Amsterdam__by_Gerrit_Adriaensz_Berckheyde.jpg,SIFT,0.8241438269615173,0.9973756794498785,0.38678717524506595,0.999995924276619
城市建築,The_Dam_in_Amsterdam__by_Gerrit_Adriaensz_Berckheyde.jpg,ORB,153.9663543701172,0.9027527429657027,18.58252113832764,0.9947741322420298
城市建築,The_Dam_in_Amsterdam__by_Gerrit_Adriaensz_Berckheyde.jpg,LoFTR,91.97954559326172,0.9555345422171266,9.180655649749037,0.9999126577971953
城市建築,Toronto_Railway_August_2017_03.jpg,SIFT,3806.18603515625,0.38609002778283036,596.3425262121443,-0.7565532493058618
城市建築,Toronto_Railway_August_2017_03.jpg,ORB,34.74606704711914,0.9683533990958071,1.0209646782282384,0.9999886790140063
城市建築,Toronto_Railway_August_2017_03.jpg,LoFTR,150.91580200195312,0.8858740879832058,21.794250820748637,0.9761096213047666
城市建築,Victoria_Harbour_skyscrapers.jpg,SIFT,2.094864845275879,0.9950817176715233,1.6305078861816642,0.9999542500007972
城市建築,Victoria_Harbour_skyscrapers.jpg,ORB,117.78461456298828,0.9634910018048755,2.4327826306236555,0.9999964952323405
城市建築,Victoria_Harbour_skyscrapers.jpg,LoFTR,114.05696105957031,0.9656192915338673,1.667446375600433,0.999920663082757
城市建築,Vista_de_Seattle__Washington__Estados_Unidos__2017-09-02__DD_07-08_HDR.jpg,SIFT,13.023018836975098,0.9957146228513498,0.9708432022123106,0.9999860465994508
城市建築,Vista_de_Seattle__Washington__Estados_Unidos__2017-09-02__DD_07-08_HDR.jpg,ORB,246.22137451171875,0.961054597531159,1.3152505610353282,0.9999984382796289
城市建築,Vista_de_Seattle__Washington__Estados_Unidos__2017-09-02__DD_07-08_HDR.jpg,LoFTR,416.3121643066406,0.8852180990914006,2.2766064471744656,0.9999746522065329
城市建築,Water_reflection_of_canal_houses_at_blue_hour_in_Damrak_Amsterdam_the_Netherlands.jpg,SIFT,6.600327968597412,0.9952336103392536,0.9464544141058308,0.999998250068218
城市建築,Water_reflection_of_canal_houses_at_blue_hour_in_Damrak_Amsterdam_the_Netherlands.jpg,ORB,95.74286651611328,0.9553703072914921,1.8121121101402242,0.9999684822775161
城市建築,Water_reflection_of_canal_houses_at_blue_hour_in_Damrak_Amsterdam_the_Netherlands.jpg,LoFTR,42.39509201049805,0.9797641193484735,1.891499998597074,0.9999997660425931
城市建築,Water_reflection_of_clouds_and_Luang_Prabang_cityscape_from_Wat_Long_Koon_evening_Laos.jpg,SIFT,426.93695068359375,0.959493310529778,8.101860191850554,0.9984191014077997
城市建築,Water_reflection_of_clouds_and_Luang_Prabang_cityscape_from_Wat_Long_Koon_evening_Laos.jpg,ORB,2770.078125,0.8397226552006979,35.47698674809306,0.9790929117809383
城市建築,Water_reflection_of_clouds_and_Luang_Prabang_cityscape_from_Wat_Long_Koon_evening_Laos.jpg,LoFTR,193.93133544921875,0.9627185667515744,4.127133376158103,0.9992862477376265
城市建築,Zürich_view_Quaibrücke_20200702.jpg,SIFT,359.032470703125,0.9569934863120355,8.564519179558518,0.9791165727686407
城市建築,Zürich_view_Quaibrücke_20200702.jpg,ORB,643.2407836914062,0.9132732074993425,9.283671150709871,0.9748317493735843
城市建築,Zürich_view_Quaibrücke_20200702.jpg,LoFTR,33046.35546875,0.15489077622334999,768.843790653231,0.5221758886141695
城市建築,13-08-08-hongkong-sky100-42.jpg,SIFT,29.250106811523438,0.9567969846367661,13.47303254788753,0.9979740532469986
城市建築,13-08-08-hongkong-sky100-42.jpg,ORB,308.0876770019531,0.8806725916683006,8.51651070153363,0.9990888632889767
城市建築,13-08-08-hongkong-sky100-42.jpg,LoFTR,179.23526000976562,0.9713155948748637,0.9670074116731966,0.9999665912204447
城市建築,2016-09-21-Heliosturm_Köln-0080.jpg,SIFT,62.82002258300781,0.9851323883996832,0.8315103421796209,0.9998697110483016
城市建築,2016-09-21-Heliosturm_Köln-0080.jpg,ORB,13408.400390625,0.4412025408812187,542.4051207509693,0.9898252174974722
城市建築,2016-09-21-Heliosturm_Köln-0080.jpg,LoFTR,252.8147735595703,0.962949041079071,1.9934936193960993,0.999878840660618
城市建築,Adliswil_from_Chopfholz_20200710.jpg,SIFT,65025.0,0.0,500.0,0.0
城市建築,Adliswil_from_Chopfholz_20200710.jpg,ORB,765.2594604492188,0.4781864107302965,873.5550391423637,0.7258496992270198
城市建築,Adliswil_from_Chopfholz_20200710.jpg,LoFTR,1222.5291748046875,0.3300749185502168,1591.0060373203746,0.07956280774444152
城市建築,Akropolis_mit_Umgebung.jpg,SIFT,81.02625274658203,0.9756793708841377,2.886534727721172,0.9990013037207066
城市建築,Akropolis_mit_Umgebung.jpg,ORB,181.69085693359375,0.9610308507010171,4.853922531640582,0.9965597094059391
城市建築,Akropolis_mit_Umgebung.jpg,LoFTR,268.1494445800781,0.9441043587324685,18.577505534988234,0.9685389827424662
城市建築,Anonymous_-_Stadsgezicht_-_SA_38086_-_Amsterdam_Museum.jpg,SIFT,8792.115234375,0.8134463760458273,826.1947740600266,-0.6299772099707516
城市建築,Anonymous_-_Stadsgezicht_-_SA_38086_-_Amsterdam_Museum.jpg,ORB,7062.529296875,0.8309101942543003,172.5023402037751,0.5026834975307404
城市建築,Anonymous_-_Stadsgezicht_-_SA_38086_-_Amsterdam_Museum.jpg,LoFTR,457.9691162109375,0.9658292740595142,10.379226625525007,0.9913427301574121
城市建築,Azogues_Ecuador_01.jpg,SIFT,1.6078687906265259,0.9975230742065655,0.38773354156051426,0.9999757982799456
城市建築,Azogues_Ecuador_01.jpg,ORB,11.248138427734375,0.9864114860267928,0.7743469499902396,0.9996159135649808
城市建築,Azogues_Ecuador_01.jpg,LoFTR,6.61475944519043,0.9887324369206345,0.08610933514113604,0.9999951219712054
城市建築,Bangkok_Skyline_from_Emquartier__Phrom_Phong.jpg,SIFT,4.002348899841309,0.9930718753968625,1.1381942633288376,0.9999218294511096
城市建築,Bangkok_Skyline_from_Emquartier__Phrom_Phong.jpg,ORB,169.43695068359375,0.8718643962515114,18.720260781551705,0.9949986976666405
城市建築,Bangkok_Skyline_from_Emquartier__Phrom_Phong.jpg,LoFTR,31.68565559387207,0.9829183450867434,1.777715300701332,0.9998986717352757
城市建築,Bangkok_Skyline_from_Movenpick_Hotel__Asok__Bangkok.jpg,SIFT,11.05892276763916,0.9955578696470627,0.928726977096535,0.9999573679313679
城市建築,Bangkok_Skyline_from_Movenpick_Hotel__Asok__Bangkok.jpg,ORB,137.3802947998047,0.94676701801743,10.27437851170204,0.9975597897994052
城市建築,Bangkok_Skyline_from_Movenpick_Hotel__Asok__Bangkok.jpg,LoFTR,47.46123123168945,0.9813061149528264,2.4549976683233727,0.9998598989620072
城市建築,Bangkok_Skyline_from_Movenpick_Hotel__Asok__Bangkok_at_night.jpg,SIFT,1.9064228534698486,0.9972694998116753,0.9845251828173222,0.9999900390574019
城市建築,Bangkok_Skyline_from_Movenpick_Hotel__Asok__Bangkok_at_night.jpg,ORB,503.1630554199219,0.8287424357785625,35.72071783759408,0.9302609911150972
城市建築,Bangkok_Skyline_from_Movenpick_Hotel__Asok__Bangkok_at_night.jpg,LoFTR,50.54751205444336,0.9831061139227972,0.528244913922677,0.9999919629295526
城市建築,Bastión_de_San_Pedro.jpg,SIFT,22.994651794433594,0.9918665990921577,0.8913873553910066,0.9999432150889643
城市建築,Bastión_de_San_Pedro.jpg,ORB,124.02655029296875,0.9164118560623129,13.555525587065778,0.9997359291326811
城市建築,Bastión_de_San_Pedro.jpg,LoFTR,64.08893585205078,0.9833131950880569,1.4297211284725773,0.9999521620113788
城市建築,Canal_de_la_Peyrade_-_March_2021.jpg,SIFT,12.065848350524902,0.9954186275462878,2.900168206931805,0.9998755487738509
城市建築,Canal_de_la_Peyrade_-_March_2021.jpg,ORB,139.20819091796875,0.964937403168783,9.333444857101826,0.9991773083983579
城市建築,Canal_de_la_Peyrade_-_March_2021.jpg,LoFTR,238.14181518554688,0.8827634355024973,17.638286793743834,0.9895167330466986
城市建築,Chatuchak_Bangkok_cityscape.jpg,SIFT,374.0093688964844,0.9605142774128078,5.661881977710155,0.998628207097659
城市建築,Chatuchak_Bangkok_cityscape.jpg,ORB,308.8494873046875,0.9571272214076868,2.39033762736479,0.9998377783800726
城市建築,Chatuchak_Bangkok_cityscape.jpg,LoFTR,149.87767028808594,0.9798164700328484,1.1202703935381289,0.9999965807052912
城市建築,Cityscape__Aundh__Pune__Maharashtra__India.jpg,SIFT,65025.0,0.0,500.0,0.0
城市建築,Cityscape__Aundh__Pune__Maharashtra__India.jpg,ORB,8192.111328125,0.48816463889309486,171.2577486708107,0.9784937489446555
城市建築,Cityscape__Aundh__Pune__Maharashtra__India.jpg,LoFTR,147.63577270507812,0.9670757129424654,1.7791998274372827,0.999995223679195
城市建築,Cityscape_-_Evora__Portugal.jpg,SIFT,1.90766441822052,0.9983373868741685,0.23159280063629592,0.9999999956246003
城市建築,Cityscape_-_Evora__Portugal.jpg,ORB,303.8798522949219,0.8946046018917838,10.776239605827623,0.9979325275072872
城市建築,Cityscape_-_Evora__Portugal.jpg,LoFTR,43.15118408203125,0.9865100726360856,0.22372467042965724,0.9999984675812378
城市建築,Cityscape_-_Tiradentes__MG__Brazil.jpg,SIFT,6.216653347015381,0.9959638090140567,1.8018233447811989,0.999980562253438
城市建築,Cityscape_-_Tiradentes__MG__Brazil.jpg,ORB,79.01819610595703,0.9749400992747266,1.276531359128058,0.9999993398380658
城市建築,Cityscape_-_Tiradentes__MG__Brazil.jpg,LoFTR,54.89064025878906,0.9834211249963891,0.6701365003489159,0.9999783181859712
城市建築,Cityscape_of_Wellington.jpg,SIFT,18.105445861816406,0.9929302520673869,0.9049925622609484,0.9999990731111149
城市建築,Cityscape_of_Wellington.jpg,ORB,181.48089599609375,0.9290020517041675,2.2703485868576743,0.9999098793696194
城市建築,Cityscape_of_Wellington.jpg,LoFTR,146.45315551757812,0.9479976949191087,5.306864045107878,0.9997069325337083
城市建築,Donau-Brücke_Isarmündung.jpg,SIFT,909.3953247070312,0.5763283614575432,536.9356056663014,-0.5906737938306208
城市建築,Donau-Brücke_Isarmündung.jpg,ORB,562.434326171875,0.5522215770113218,98.8706009885801,-0.41051888452747565
城市建築,Donau-Brücke_Isarmündung.jpg,LoFTR,587.6873779296875,0.4873611884296928,262.1346184446969,-0.5063712552952193
城市建築,Dusk_at_Sukhumvit__Bangkok.jpg,SIFT,71.42261505126953,0.9805220475168281,2.2123951545206593,0.9997576587606298
城市建築,Dusk_at_Sukhumvit__Bangkok.jpg,ORB,231.20994567871094,0.963018430686058,4.642178944966505,0.9999319322754242
城市建築,Dusk_at_Sukhumvit__Bangkok.jpg,LoFTR,89.94646453857422,0.9810898023965051,1.105351913361285,0.9999838782116819
城市建築,Dusk_at_Sukhumvit__Bangkok_2.jpg,SIFT,3.1244521141052246,0.9931812859761868,3.0805063173024116,0.9997030828996464
城市建築,Dusk_at_Sukhumvit__Bangkok_2.jpg,ORB,90.40845489501953,0.9432655457525243,6.091976532944044,0.9990409297590722
城市建築,Dusk_at_Sukhumvit__Bangkok_2.jpg,LoFTR,64.3508071899414,0.9831381782353619,5.835319218986555,0.9996753294374302
城市建築,Grenade_Albayzin_depuis_Alhambra_Espagne.jpg,SIFT,1.440861701965332,0.998760004641989,0.11048703816139663,0.9999999680872114
城市建築,Grenade_Albayzin_depuis_Alhambra_Espagne.jpg,ORB,199.13983154296875,0.9631341279939101,0.7727598258267646,0.9999542753533892
城市建築,Grenade_Albayzin_depuis_Alhambra_Espagne.jpg,LoFTR,147.7918701171875,0.9828433311356093,0.17829167429584175,0.9999976226545405
城市建築,Interstate_25_in_Albuquerque_looking_south.gk.jpg,SIFT,65025.0,0.0,500.0,0.0
城市建築,Interstate_25_in_Albuquerque_looking_south.gk.jpg,ORB,386.8759765625,0.7739964685630096,161.62248409387436,0.7780949541480312
城市建築,Interstate_25_in_Albuquerque_looking_south.gk.jpg,LoFTR,63.39106750488281,0.9836583085421899,1.0698896059084662,0.9999071804482232
城市建築,KeizersgrachtReguliersgrachtAmsterdam.jpg,SIFT,39.669532775878906,0.9840766563243198,0.9030545585728615,0.9998441356850576
城市建築,KeizersgrachtReguliersgrachtAmsterdam.jpg,ORB,112.6710433959961,0.9627865690740135,2.629900824602633,0.9930976344058093
城市建築,KeizersgrachtReguliersgrachtAmsterdam.jpg,LoFTR,79.31502532958984,0.9825512683166439,0.1806183571145686,0.9999753733453716
城市建築,Kraken_(ship__1974)__Sète_-_January_2021.jpg,SIFT,1.338490605354309,0.9959881865927286,2.3750887706267667,0.9997254084254878
城市建築,Kraken_(ship__1974)__Sète_-_January_2021.jpg,ORB,115.48594665527344,0.9769246834182426,1.0919376902826579,0.9997921033705823
城市建築,Kraken_(ship__1974)__Sète_-_January_2021.jpg,LoFTR,114.30419921875,0.9791763885669542,1.212387545162796,0.9999995956405078
城市建築,Kuala_Lumpur_panorama_at_night_from_Roofino_Sky_Dining.jpg,SIFT,18.927837371826172,0.958695587731861,11.728392023015296,0.9993771294035697
城市建築,Kuala_Lumpur_panorama_at_night_from_Roofino_Sky_Dining.jpg,ORB,177.5835723876953,0.9581505295382079,3.572123856928546,0.9999996893869249
城市建築,Kuala_Lumpur_panorama_at_night_from_Roofino_Sky_Dining.jpg,LoFTR,178.95367431640625,0.9412816669349972,11.682760509123662,0.999969677289718
城市建築,Kuala_Lumpur_skyline_2.jpg,SIFT,8.174126625061035,0.988312018743677,0.4879323506438147,0.9999792756553192
城市建築,Kuala_Lumpur_skyline_2.jpg,ORB,157.04165649414062,0.9182183394830612,2.5955951212042594,0.9998593280881476
城市建築,Kuala_Lumpur_skyline_2.jpg,LoFTR,127.55912017822266,0.9197821241483314,1.4490216945395087,0.9997862914713506
城市建築,La_vista!_Punta_del_este.jpg,SIFT,1.9163405895233154,0.9928185942651766,3.1498636432823046,0.9999989202389233
城市建築,La_vista!_Punta_del_este.jpg,ORB,140.30752563476562,0.9625376025928072,4.894956741096072,0.9999111983830227
城市建築,La_vista!_Punta_del_este.jpg,LoFTR,687.1861572265625,0.6165398343417088,79.41781413629316,0.6580239060651936
城市建築,Linz_Ars_electronica_center_lila_DL.jpg,SIFT,0.4484730362892151,0.997915856892292,0.6067523732085981,0.9999868981200424
城市建築,Linz_Ars_electronica_center_lila_DL.jpg,ORB,177.32537841796875,0.8734709308609887,5.346094380068787,0.9998766412993267
城市建築,Linz_Ars_electronica_center_lila_DL.jpg,LoFTR,400.8941955566406,0.7588820525740272,44.981714977814704,0.9929737590652091
城市建築,Londres.-_Oceanic_Village.jpg,SIFT,163.9335174560547,0.9715323454900247,8.193191197256835,0.9977525803310638
城市建築,Londres.-_Oceanic_Village.jpg,ORB,266.2827453613281,0.9380596136857016,14.364796269095738,0.9914455493697757
城市建築,Londres.-_Oceanic_Village.jpg,LoFTR,163.81602478027344,0.9747562399084809,2.2057227742850922,0.9998010273103493
城市建築,Montevideo_-_Uruguay_sunset.jpg,SIFT,7.416965007781982,0.9709374350780738,4.3678496695463025,0.9992936496513581
城市建築,Montevideo_-_Uruguay_sunset.jpg,ORB,95.22721862792969,0.9402021151063132,5.1444508816898695,0.9998932836549059
城市建築,Montevideo_-_Uruguay_sunset.jpg,LoFTR,97.332275390625,0.9346380373890008,2.066132858255841,0.9997894495630478
城市建築,Montreal_August_2017_02.jpg,SIFT,41.39998245239258,0.9855642476673548,3.7188436811833867,0.9990272168483156
城市建築,Montreal_August_2017_02.jpg,ORB,777.6199951171875,0.8060180557282465,38.68019231600978,0.9321017630540714
城市建築,Montreal_August_2017_02.jpg,LoFTR,121.82562255859375,0.9578917505826369,1.4343170031694048,0.9998504189224807
城市建築,Montreal_August_2017_04.jpg,SIFT,3.7193453311920166,0.9794698230066472,6.482030157309505,0.9887136514721209
城市建築,Montreal_August_2017_04.jpg,ORB,101.7928466796875,0.9754375182411354,6.873567231690772,0.9878083057300634
城市建築,Montreal_August_2017_04.jpg,LoFTR,123.14630126953125,0.8916039797406404,64.1534435300757,0.615369564778109
城市建築,Night_Panorama_of_Sukhumvit__Bangkok.jpg,SIFT,7.427913665771484,0.9894634352550744,3.0505992194804965,0.9999686168466415
城市建築,Night_Panorama_of_Sukhumvit__Bangkok.jpg,ORB,522.01416015625,0.8700802246559864,11.741532488590899,0.9998461669136036
城市建築,Night_Panorama_of_Sukhumvit__Bangkok.jpg,LoFTR,320.3863220214844,0.9594773850896878,0.9775862359314664,0.9999964017641896
城市建築,Panorama_of_Melbourne_from_the_shrine_of_remembrance.jpg,SIFT,102.40987396240234,0.9709959509109084,3.0959141065298352,0.999292460401756
城市建築,Panorama_of_Melbourne_from_the_shrine_of_remembrance.jpg,ORB,908.8375244140625,0.7772535258087913,27.814490950642703,0.9761960938990738
城市建築,Panorama_of_Melbourne_from_the_shrine_of_remembrance.jpg,LoFTR,317.62200927734375,0.852916056049888,20.433851599945644,0.9958624342233898
城市建築,Prague_Panorama_-_Oct_2010.jpg,SIFT,3.282430410385132,0.9938783590813205,1.5339265199690075,0.9996494919821778
城市建築,Prague_Panorama_-_Oct_2010.jpg,ORB,551.4111938476562,0.7508969583714434,13.169887332520485,0.9626224553054287
城市建築,Prague_Panorama_-_Oct_2010.jpg,LoFTR,58.750675201416016,0.959725332980428,0.45667816426708535,0.9998989553183139
城市建築,Sainté_Pano_Ouest.jpg,SIFT,22.53414535522461,0.9732330771386637,3.7001826268429334,0.999148550188026
城市建築,Sainté_Pano_Ouest.jpg,ORB,221.0628204345703,0.9004060471123533,15.794443954978359,0.9806334988165233
城市建築,Sainté_Pano_Ouest.jpg,LoFTR,58.78969955444336,0.9662642511985798,0.9716512531733235,0.9999410492504471
城市建築,Sao_Paulo_cityscape_from_Edificio_Martinelli_3.jpg,SIFT,1.0487860441207886,0.9967504765265272,1.939387488827634,0.9997606474319372
城市建築,Sao_Paulo_cityscape_from_Edificio_Martinelli_3.jpg,ORB,1337.73193359375,0.844393053661716,210.9245663419442,0.9191397642582821
城市建築,Sao_Paulo_cityscape_from_Edificio_Martinelli_3.jpg,LoFTR,51.06459426879883,0.980007852715771,1.067473394891063,0.9999988660130109
城市建築,Skyline_de_Chicago_desde_el_centro__Illinois__Estados_Unidos__2012-10-20__DD_13.jpg,SIFT,4.6496663093566895,0.9897141798345647,0.794635863633684,0.999999381724397
城市建築,Skyline_de_Chicago_desde_el_centro__Illinois__Estados_Unidos__2012-10-20__DD_13.jpg,ORB,245.77415466308594,0.8849050305284247,18.500577997385708,0.9954536270887052
城市建築,Skyline_de_Chicago_desde_el_centro__Illinois__Estados_Unidos__2012-10-20__DD_13.jpg,LoFTR,1797.87255859375,0.276944119257089,313.46863962898124,0.7154625103128448
城市建築,Stadsgezicht_Rijksmuseum_SK-A-1404.jpeg,SIFT,119.64383697509766,0.9777361433530799,3.052074652960666,0.99990122982431
城市建築,Stadsgezicht_Rijksmuseum_SK-A-1404.jpeg,ORB,1489.9344482421875,0.8617815339759656,16.870187569239597,0.992910152208015
城市建築,Stadsgezicht_Rijksmuseum_SK-A-1404.jpeg,LoFTR,55.54965591430664,0.9831196960402758,0.547127210272294,0.9999642477632148
城市建築,Stadsgezicht_Rijksmuseum_SK-A-2455.jpeg,SIFT,49.522705078125,0.9821033818020513,2.1427554563059554,0.9979786872142822
城市建築,Stadsgezicht_Rijksmuseum_SK-A-2455.jpeg,ORB,137.35850524902344,0.9603981632021529,1.1896184910034078,0.9987331580885165
城市建築,Stadsgezicht_Rijksmuseum_SK-A-2455.jpeg,LoFTR,88.05711364746094,0.9811100703573521,0.2993731346338603,0.9999995711769891
城市建築,Sukhumvit__Bangkok_at_night.jpg,SIFT,45.51941680908203,0.9787778250847193,3.219006687255082,0.9934269892754262
城市建築,Sukhumvit__Bangkok_at_night.jpg,ORB,281.2224426269531,0.8660392190868733,7.982874673259744,0.9978530895432036
城市建築,Sukhumvit__Bangkok_at_night.jpg,LoFTR,44.942378997802734,0.9734222062118694,3.2997788136870554,0.9997539776568986
城市建築,Sunset_at_Sukhumvit__Bangkok.jpg,SIFT,2.012326240539551,0.9968984555452371,0.32240265918373473,0.9999969263233114
城市建築,Sunset_at_Sukhumvit__Bangkok.jpg,ORB,231.98289489746094,0.9516330350300772,6.364893926339044,0.9980104090676452
城市建築,Sunset_at_Sukhumvit__Bangkok.jpg,LoFTR,87.44014739990234,0.9817966623293248,0.9344374347380465,0.9999990079121579
城市建築,Sunset_coastline.jpg,SIFT,0.9614255428314209,0.9957615735487165,0.9187097272655073,0.9999918065802634
城市建築,Sunset_coastline.jpg,ORB,22.610658645629883,0.9407658700246055,4.73144808270941,0.9998050013532777
城市建築,Sunset_coastline.jpg,LoFTR,7.63070011138916,0.9897411912517251,1.284611250389255,0.9999290952043212
城市建築,Sydney_Opera_House_-_Dec_2008.jpg,SIFT,1.4019644260406494,0.9972889741738613,0.516439469609873,0.9999916062210004
城市建築,Sydney_Opera_House_-_Dec_2008.jpg,ORB,167.87283325195312,0.873487187657617,1.7958862597315393,0.9999224288553417
城市建築,Sydney_Opera_House_-_Dec_2008.jpg,LoFTR,59.5120849609375,0.9649475366995073,2.289987588589777,0.9999938063483256
城市建築,Sète_at_dawn_-_December_2021.jpg,SIFT,38.15293884277344,0.9774626562512817,11.300196237972669,0.9962504165846326
城市建築,Sète_at_dawn_-_December_2021.jpg,ORB,2278.58251953125,0.7212144475216378,89.45808838739481,0.6062606656981582
城市建築,Sète_at_dawn_-_December_2021.jpg,LoFTR,31.919254302978516,0.9784958291135261,5.706883123643378,0.999087008415206
城市建築,Vancouver_dusk_pano.jpg,SIFT,65025.0,0.0,500.0,0.0
城市建築,Vancouver_dusk_pano.jpg,ORB,906.1758422851562,0.4450105133864848,186.96544884103685,0.9883541764616764
城市建築,Vancouver_dusk_pano.jpg,LoFTR,1114.669921875,0.46206693462820797,459.52108035365376,-0.9942674166310609
城市建築,View_from_Fort_Mason_-_March_2018_(0167).jpg,SIFT,3.4296364784240723,0.9965106632656223,0.5661099362715102,0.9998591488902999
城市建築,View_from_Fort_Mason_-_March_2018_(0167).jpg,ORB,350.1719055175781,0.8156930445738099,2.679706469564451,0.9954032621868253
城市建築,View_from_Fort_Mason_-_March_2018_(0167).jpg,LoFTR,16.332401275634766,0.9854880213945159,0.8397313958627356,0.9997458333801008
城市建築,Vista_de_Alicante__España__2014-07-04__DD_49.JPG,SIFT,30.940549850463867,0.9910799410373192,1.3765616118068864,0.9999978773965732
城市建築,Vista_de_Alicante__España__2014-07-04__DD_49.JPG,ORB,210.3595428466797,0.9669192379651826,1.382513550349348,0.9999782889342013
城市建築,Vista_de_Alicante__España__2014-07-04__DD_49.JPG,LoFTR,282.4595947265625,0.9350088610935335,3.759236872534017,0.9999802016215572
城市建築,Vista_del_Skyline_de_Chicago_desde_el_Planetario__Illinois__Estados_Unidos__2012-10-20__DD_02.jpg,SIFT,6.437380790710449,0.994239420028432,0.3517263757817115,0.9999901664659996
城市建築,Vista_del_Skyline_de_Chicago_desde_el_Planetario__Illinois__Estados_Unidos__2012-10-20__DD_02.jpg,ORB,750.8978271484375,0.8759801484785567,11.54293390538165,0.9969527726120359
城市建築,Vista_del_Skyline_de_Chicago_desde_el_Planetario__Illinois__Estados_Unidos__2012-10-20__DD_02.jpg,LoFTR,127.08049774169922,0.966940711263628,0.3485197874026175,0.9999964263548546
城市建築,Ναός_Αγίων_Αποστόλων_και_Ηφαίστου_6200.JPG,SIFT,3.8077192306518555,0.9961525846885697,0.33579395485200625,0.9999782131354588
城市建築,Ναός_Αγίων_Αποστόλων_και_Ηφαίστου_6200.JPG,ORB,95.34053039550781,0.9672026935710841,1.6497059988407639,0.9991565061529847
城市建築,Ναός_Αγίων_Αποστόλων_και_Ηφαίστου_6200.JPG,LoFTR,88.25568389892578,0.9690064717984054,0.7133402986474412,0.9998345000013225
城市建築,Χανιά_4261_p.JPG,SIFT,39.74382400512695,0.9765793270025269,5.334731213250211,0.9993286159676524
城市建築,Χανιά_4261_p.JPG,ORB,136.0100860595703,0.9354508628931903,10.726688342691421,0.9970296401093623
城市建築,Χανιά_4261_p.JPG,LoFTR,40.88279342651367,0.975016133322492,1.2211096402701995,0.9999908601626941
室內場景,1937._Insectary_field_laboratory_set_up_by_Robert_L._Furniss_at_the_Pack_Forest._La_Grande__Washington._(34605593260).jpg,SIFT,5.878288269042969,0.9957327343427009,0.1981440115189241,0.9999878361506139
室內場景,1937._Insectary_field_laboratory_set_up_by_Robert_L._Furniss_at_the_Pack_Forest._La_Grande__Washington._(34605593260).jpg,ORB,349.6829528808594,0.8410781313226782,1.0708504455196812,0.9993123741890678
室內場景,1937._Insectary_field_laboratory_set_up_by_Robert_L._Furniss_at_the_Pack_Forest._La_Grande__Washington._(34605593260).jpg,LoFTR,63.374916076660156,0.9838699305568271,0.5388096802001411,0.9998523199439717
室內場景,1937._Insectary_field_laboratory_set_up_by_Robert_L._Furniss_at_the_University_of_Washington's_Pack_Forest__west_of_Mt._Rainier._La_Grande__Washington._(34182779323).jpg,SIFT,6.80149507522583,0.993218068954865,0.22528200431232143,0.9999984708544787
室內場景,1937._Insectary_field_laboratory_set_up_by_Robert_L._Furniss_at_the_University_of_Washington's_Pack_Forest__west_of_Mt._Rainier._La_Grande__Washington._(34182779323).jpg,ORB,165.12791442871094,0.9281925898148526,1.1047665490990561,0.9999503575190628
室內場景,1937._Insectary_field_laboratory_set_up_by_Robert_L._Furniss_at_the_University_of_Washington's_Pack_Forest__west_of_Mt._Rainier._La_Grande__Washington._(34182779323).jpg,LoFTR,91.8662109375,0.9850360884250963,0.4041065953820742,0.9999947738685572
室內場景,1937._Insectary_set_up_by_Robert_L._Furniss_at_the_Pack_Forest__west_of_Mt._Rainier._La_Grande__Washington._(34605609350).jpg,SIFT,0.7824432849884033,0.9977289803873333,0.372834766393176,0.9999981763085556
室內場景,1937._Insectary_set_up_by_Robert_L._Furniss_at_the_Pack_Forest__west_of_Mt._Rainier._La_Grande__Washington._(34605609350).jpg,ORB,76.10333251953125,0.9444825330534203,5.46266165368432,0.9999781254142057
室內場景,1937._Insectary_set_up_by_Robert_L._Furniss_at_the_Pack_Forest__west_of_Mt._Rainier._La_Grande__Washington._(34605609350).jpg,LoFTR,39.01462936401367,0.9849669767147563,0.2944341891589352,0.9999992671240214
室內場景,Aifa_football_2007.JPG,SIFT,843.8648681640625,0.5845091012801222,292.7762769685567,-0.945843632111162
室內場景,Aifa_football_2007.JPG,ORB,1136.830810546875,0.58250296253359,257.97157928801704,-0.85550070208679
室內場景,Aifa_football_2007.JPG,LoFTR,1564.08642578125,0.4488531621291576,253933.80219221776,0.39722891608898475
室內場景,Alfred_Boxall's_Military_Cross.jpg,SIFT,20142.408203125,0.0882014834602719,833.3296187877664,-0.8313009081938626
室內場景,Alfred_Boxall's_Military_Cross.jpg,ORB,96.72754669189453,0.9476097996453914,16.782057335035304,0.9998563742660764
室內場景,Alfred_Boxall's_Military_Cross.jpg,LoFTR,12.565348625183105,0.9871280989891627,1.616550692957579,0.9999967930627022
室內場景,American_homes_and_gardens_(1905)_(18124683806).jpg,SIFT,1019.1685791015625,0.48491439606434367,713.1444981383212,0.6919055790426984
室內場景,American_homes_and_gardens_(1905)_(18124683806).jpg,ORB,546.9058227539062,0.44424098424725217,712.1150044851211,0.6502570159829123
室內場景,American_homes_and_gardens_(1905)_(18124683806).jpg,LoFTR,206.9087677001953,0.9280054057876421,1.2452310521879786,0.9999980616023421
室內場景,American_homes_and_gardens_(1907)_(18157305775).jpg,SIFT,517.0596923828125,0.9423230274900669,6.704121285488219,0.9938451368552428
室內場景,American_homes_and_gardens_(1907)_(18157305775).jpg,ORB,2604.544677734375,0.7698660682214814,42.76639318999115,0.8425935285927902
室內場景,American_homes_and_gardens_(1907)_(18157305775).jpg,LoFTR,242.607421875,0.9550162186146843,1.3049605304220706,0.9997725507748476
室內場景,American_homes_and_gardens_(1910)_(18157263055).jpg,SIFT,2894.26708984375,0.27998027178572754,378.55127659876973,0.9296289995253112
室內場景,American_homes_and_gardens_(1910)_(18157263055).jpg,ORB,2359.416015625,0.20281176307901147,168.93862739623333,0.9537650916379908
室內場景,American_homes_and_gardens_(1910)_(18157263055).jpg,LoFTR,356.74835205078125,0.8666304211962899,2.4710661408872534,0.9998615532838236
室內場景,Annual_report_of_the_Commissioner_of_Fisheries_to_the_Secretary_of_Commerce_for_the_fiscal_year_ended_(1924)_(19175493220).jpg,SIFT,7.91770076751709,0.9975663523317452,0.4257882915684031,0.9999962677307687
室內場景,Annual_report_of_the_Commissioner_of_Fisheries_to_the_Secretary_of_Commerce_for_the_fiscal_year_ended_(1924)_(19175493220).jpg,ORB,79.7339096069336,0.9771348761881092,1.5979591283383647,0.9998403715259204
室內場景,Annual_report_of_the_Commissioner_of_Fisheries_to_the_Secretary_of_Commerce_for_the_fiscal_year_ended_(1924)_(19175493220).jpg,LoFTR,157.3583984375,0.9645153839932151,2.673032221296478,0.9997516056638225
室內場景,Architect_and_engineer_(1935)_(14595455810).jpg,SIFT,27.1962833404541,0.9937697494518469,0.6888406660898582,0.9999994745835109
室內場景,Architect_and_engineer_(1935)_(14595455810).jpg,ORB,237.31455993652344,0.9661449992848528,1.5158746854452978,0.9999926993739217
室內場景,Architect_and_engineer_(1935)_(14595455810).jpg,LoFTR,174.32382202148438,0.976709580272424,0.25790885232879673,0.9999991456074798
室內場景,Architect_and_engineer_(1947)_(14742162406).jpg,SIFT,823.582275390625,0.5066017306868785,756.0958830980558,0.9885220599973579
室內場景,Architect_and_engineer_(1947)_(14742162406).jpg,ORB,1090.0828857421875,0.29290153220930515,756.495171280434,0.9909767207958345
室內場景,Architect_and_engineer_(1947)_(14742162406).jpg,LoFTR,545.23583984375,0.6082604033961482,55.69271379145217,0.9331613171756312
室內場景,Arlington_House_-_Deodar_cedar_in_work_yard_at_rear_-_Arlington_National_Cemtery_-_2012.jpg,SIFT,69.17784881591797,0.9911731532533609,2.0092246471898814,0.9997956675364124
室內場景,Arlington_House_-_Deodar_cedar_in_work_yard_at_rear_-_Arlington_National_Cemtery_-_2012.jpg,ORB,250.8457794189453,0.9585559930008836,1.1316838524220134,0.9999478364235479
室內場景,Arlington_House_-_Deodar_cedar_in_work_yard_at_rear_-_Arlington_National_Cemtery_-_2012.jpg,LoFTR,363.6540222167969,0.9598071277064113,4.11391536860608,0.9992928736186162
室內場景,Arlington_House_-_looking_north_at_S_side_of_South_Slave_Quarters_-_2011.jpg,SIFT,4.172798156738281,0.9971396580556472,0.2522596553354553,0.9999798611241455
室內場景,Arlington_House_-_looking_north_at_S_side_of_South_Slave_Quarters_-_2011.jpg,ORB,101.38721466064453,0.9713061914372335,0.6542443696733033,0.9996188616121129
室內場景,Arlington_House_-_looking_north_at_S_side_of_South_Slave_Quarters_-_2011.jpg,LoFTR,76.17853546142578,0.9836370898811848,0.10312535668933706,0.999992217434599
室內場景,Balanced_Modern_Bedroom_Design_with_Neutral_Tones_and_Layered_Lighting.jpg,SIFT,374.4383239746094,0.9556824729766531,7.386632750538936,0.9997256664421587
室內場景,Balanced_Modern_Bedroom_Design_with_Neutral_Tones_and_Layered_Lighting.jpg,ORB,818.5057373046875,0.9145796396622156,4.388754729303783,0.9999969185558668
室內場景,Balanced_Modern_Bedroom_Design_with_Neutral_Tones_and_Layered_Lighting.jpg,LoFTR,228.26075744628906,0.9733017766359676,0.6183725224521708,0.999978018532111
室內場景,Barneth_Satuloff_House__Buffalo__New_York_-_20220224.jpg,SIFT,10.266735076904297,0.9817357544661715,3.0918719196836344,0.9994106996441493
室內場景,Barneth_Satuloff_House__Buffalo__New_York_-_20220224.jpg,ORB,175.68667602539062,0.9162608307446494,2.865933020581455,0.9998306235211656
室內場景,Barneth_Satuloff_House__Buffalo__New_York_-_20220224.jpg,LoFTR,126.76551055908203,0.9816638244461532,0.2023746385070696,0.9999994444103154
室內場景,Bluff_Hall_03.jpg,SIFT,4.659194469451904,0.9963990738998507,0.4813671428657927,0.9999909579153499
室內場景,Bluff_Hall_03.jpg,ORB,173.7692108154297,0.9751654462667039,0.4818568345976559,0.9999964549553677
室內場景,Bluff_Hall_03.jpg,LoFTR,152.26531982421875,0.9813374119422908,0.09768434428788697,0.9999994603297169
室內場景,Columbia_Road_E2__Sunday_flower_market_-_geograph.org.uk_-_1600074.jpg,SIFT,8.866700172424316,0.9905840177002015,4.105362922893396,0.9984688460278128
室內場景,Columbia_Road_E2__Sunday_flower_market_-_geograph.org.uk_-_1600074.jpg,ORB,151.5363006591797,0.9330610253830611,6.882692336852224,0.9968555351216647
室內場景,Columbia_Road_E2__Sunday_flower_market_-_geograph.org.uk_-_1600074.jpg,LoFTR,27.951244354248047,0.9871960212106794,0.45732091033246347,0.9999010083488399
室內場景,EIA_RECS_Living_Room_(36752996941).jpg,SIFT,21.127260208129883,0.9928074028609634,0.5278636656047199,0.9999468415537479
室內場景,EIA_RECS_Living_Room_(36752996941).jpg,ORB,104.54109191894531,0.9781029303517292,1.0734036040721646,0.9997797009671651
室內場景,EIA_RECS_Living_Room_(36752996941).jpg,LoFTR,129.93484497070312,0.9746188402457145,0.9895958840478365,0.9999996551155007
室內場景,Elwira__a_domestic_cat.jpg,SIFT,81.4731216430664,0.9631430726448685,7.248964641314465,0.9823155864788153
室內場景,Elwira__a_domestic_cat.jpg,ORB,138.75570678710938,0.9666832288226683,2.8980031258937395,0.9975720238120018
室內場景,Elwira__a_domestic_cat.jpg,LoFTR,125.80143737792969,0.9798400825800436,0.6373553404576715,0.9998767021697896
室內場景,Embassy_Suites_Hotel_Chicago_-_Lombard_Oak_Brook_(DuPage_County__IL)_(2573055891).jpg,SIFT,43.31339645385742,0.9928487977758657,2.1719166328342308,0.9995753781271087
室內場景,Embassy_Suites_Hotel_Chicago_-_Lombard_Oak_Brook_(DuPage_County__IL)_(2573055891).jpg,ORB,159.13320922851562,0.9422579161403559,3.8588471046270967,0.9993101385129389
室內場景,Embassy_Suites_Hotel_Chicago_-_Lombard_Oak_Brook_(DuPage_County__IL)_(2573055891).jpg,LoFTR,220.71311950683594,0.9652991994930328,7.564620976167851,0.9950509343782376
室內場景,ForGod_(Ogbonna_Arinze_Timothy)_in_2026.jpg,SIFT,2.7514426708221436,0.9919145928418582,1.2291405469914678,0.999971906610594
室內場景,ForGod_(Ogbonna_Arinze_Timothy)_in_2026.jpg,ORB,54.22798538208008,0.9635888139905405,5.660019941045657,0.9991413594181487
室內場景,ForGod_(Ogbonna_Arinze_Timothy)_in_2026.jpg,LoFTR,46.47475814819336,0.9806493005217518,0.8910847184248811,0.999968428360607
室內場景,Khane_emam_jome_living_room_interiors_indoor_pool.jpg,SIFT,407.1893310546875,0.9669560761333188,1.3360613253230778,0.9999782811299043
室內場景,Khane_emam_jome_living_room_interiors_indoor_pool.jpg,ORB,1152.6820068359375,0.9170986854772031,3.061960181424593,0.9995255663197794
室內場景,Khane_emam_jome_living_room_interiors_indoor_pool.jpg,LoFTR,431.0265197753906,0.9527779782634485,5.14111994424279,0.9979119670645088
室內場景,LawrenceScarpa_Cherokee_007780-2.jpg,SIFT,1.650612235069275,0.9976181795104262,0.5635403900417383,0.9999988200436631
室內場景,LawrenceScarpa_Cherokee_007780-2.jpg,ORB,85.34020233154297,0.9572240427987081,1.4747492545462042,0.9999737490967432
室內場景,LawrenceScarpa_Cherokee_007780-2.jpg,LoFTR,35.68069076538086,0.9852495312812807,0.4210871667309376,0.999998588215661
室內場景,LawrenceScarpa_Cherokee_8268.jpg,SIFT,2.3303775787353516,0.9966254141100345,0.8669805358684616,0.9999650357539124
室內場景,LawrenceScarpa_Cherokee_8268.jpg,ORB,54.600555419921875,0.9709092660936275,4.131337388503408,0.999935544628626
室內場景,LawrenceScarpa_Cherokee_8268.jpg,LoFTR,39.35771942138672,0.9862690048004364,0.6406256311616607,0.9999983584759746
室內場景,Pitts_Folly_05.jpg,SIFT,1.1014926433563232,0.997452398972217,1.915994665156957,0.9999834240160724
室內場景,Pitts_Folly_05.jpg,ORB,20.0878849029541,0.973741118070168,3.340042906080399,0.9999815372927177
室內場景,Pitts_Folly_05.jpg,LoFTR,6.189126491546631,0.9886922357152843,0.7450660855548304,0.999992827926554
室內場景,SANTA_FE_-_908_SANTA_FE_TRAIL_-_BRONSON_CUTTING_HOUSE.jpg,SIFT,434.2933349609375,0.9643692804327436,10.030996120426456,0.9967277320775122
室內場景,SANTA_FE_-_908_SANTA_FE_TRAIL_-_BRONSON_CUTTING_HOUSE.jpg,ORB,484.11248779296875,0.9142457855194952,3.0808990777771035,0.9999349729363856
室內場景,SANTA_FE_-_908_SANTA_FE_TRAIL_-_BRONSON_CUTTING_HOUSE.jpg,LoFTR,127.3177261352539,0.9737600018309076,1.7555010917860927,0.9998038308050291
室內場景,South_Slave_Quarters_north_side_-_Arlington_House_-_Arlington_National_Cemtery_-_2012.jpg,SIFT,1.546126127243042,0.997576962760545,0.4440327577559479,0.9999843643879882
室內場景,South_Slave_Quarters_north_side_-_Arlington_House_-_Arlington_National_Cemtery_-_2012.jpg,ORB,165.3169708251953,0.8766367063519264,7.0752270068336705,0.9990074298256347
室內場景,South_Slave_Quarters_north_side_-_Arlington_House_-_Arlington_National_Cemtery_-_2012.jpg,LoFTR,64.10563659667969,0.9864357697356482,0.24246341779518008,0.9999905329381034
室內場景,South_Slave_Quarters_north_side_artwork_01_-_Arlington_House_-_Arlington_National_Cemtery_-_2012.jpg,SIFT,29041.5703125,0.014841648046768859,257.1789519247489,0.6215464023428562
室內場景,South_Slave_Quarters_north_side_artwork_01_-_Arlington_House_-_Arlington_National_Cemtery_-_2012.jpg,ORB,19777.017578125,0.09371382921319127,56.228757627860006,0.9639436048026584
室內場景,South_Slave_Quarters_north_side_artwork_01_-_Arlington_House_-_Arlington_National_Cemtery_-_2012.jpg,LoFTR,181.43402099609375,0.9433633027069243,0.919994806851159,0.9985047341581755
室內場景,South_Slave_Quarters_north_side_artwork_02_-_Arlington_House_-_Arlington_National_Cemtery_-_2012.jpg,SIFT,297.89569091796875,0.3185892576190465,477.1527936056377,-0.5883037874670045
室內場景,South_Slave_Quarters_north_side_artwork_02_-_Arlington_House_-_Arlington_National_Cemtery_-_2012.jpg,ORB,612.7239379882812,0.43077191250671604,310.76765290295754,-0.7537627120174655
室內場景,South_Slave_Quarters_north_side_artwork_02_-_Arlington_House_-_Arlington_National_Cemtery_-_2012.jpg,LoFTR,294.6476135253906,0.961951409742797,0.5890268609753025,0.9999690666560037
室內場景,South_Slave_Quarters_west_side_-_Arlington_House_-_Arlington_National_Cemtery_-_2012.jpg,SIFT,556.1724853515625,0.6215230381773792,909.1995859614833,-0.7977052543273946
室內場景,South_Slave_Quarters_west_side_-_Arlington_House_-_Arlington_National_Cemtery_-_2012.jpg,ORB,2118.0361328125,0.41259410894371956,229.03609062976167,-0.8111545237306113
室內場景,South_Slave_Quarters_west_side_-_Arlington_House_-_Arlington_National_Cemtery_-_2012.jpg,LoFTR,101.5593032836914,0.9763654954967951,1.7080708243190554,0.99998569998689
室內場景,TV-009-0526_(15817628308).jpg,SIFT,65025.0,0.0,500.0,0.0
室內場景,TV-009-0526_(15817628308).jpg,ORB,831.272705078125,0.519251366752735,62.55254726988503,0.9862814872092179
室內場景,TV-009-0526_(15817628308).jpg,LoFTR,133.8182373046875,0.8540526378717663,7.728233921756534,0.9981846829946541
室內場景,The_wonderful_new_rose_hoosier_beauty_(16388794815).jpg,SIFT,510.4405517578125,0.4267981388269275,230.4416292829783,0.7738089833855213
室內場景,The_wonderful_new_rose_hoosier_beauty_(16388794815).jpg,ORB,468.15594482421875,0.3993069528919396,282.1704490463309,0.4643940232994048
室內場景,The_wonderful_new_rose_hoosier_beauty_(16388794815).jpg,LoFTR,301.43487548828125,0.34661327939481085,7504.74106345698,-0.5658619516237979
室內場景,Tottenham's_Living_Room?.jpg,SIFT,5.381088733673096,0.9968775544840806,0.41866212906100364,0.9999646996838678
室內場景,Tottenham's_Living_Room?.jpg,ORB,59.54830551147461,0.9824491409780352,1.12716374234543,0.9997073954452809
室內場景,Tottenham's_Living_Room?.jpg,LoFTR,43.7342414855957,0.9863983262551111,0.061135971695017235,0.9999995609695751
室內場景,Ulysses_in_Profile__A_Contemplative_Maine_Coon_Mix_Portrait_-_Flickr_-_dalecruse.jpg,SIFT,429.7884521484375,0.9147778131510814,14.02669181287401,0.944982474427404
室內場景,Ulysses_in_Profile__A_Contemplative_Maine_Coon_Mix_Portrait_-_Flickr_-_dalecruse.jpg,ORB,512.1490478515625,0.9022509732959273,10.998015055043346,0.9623693381726842
室內場景,Ulysses_in_Profile__A_Contemplative_Maine_Coon_Mix_Portrait_-_Flickr_-_dalecruse.jpg,LoFTR,89.46458435058594,0.9802461013762002,0.6234030906780575,0.9999148808674821
室內場景,Welock_PCB41_passcode_lock_on_door.png,SIFT,587.3841552734375,0.9499687424445401,5.934568608779683,0.9990923167784046
室內場景,Welock_PCB41_passcode_lock_on_door.png,ORB,1794.3785400390625,0.8989640729681607,23.639912304127236,0.9946940916489629
室內場景,Welock_PCB41_passcode_lock_on_door.png,LoFTR,209.62142944335938,0.9787495273336889,2.5267259754648235,0.99997542575766
室內場景,Window_gardening_-_devoted_specially_to_the_culture_of_flowers_and_ornamental_plants_for_indoor_use_and_parlor_decoration_(1872)_(14759110606).jpg,SIFT,0.7358180284500122,0.9946869508848226,0.9398780861540109,0.9998720100408841
室內場景,Window_gardening_-_devoted_specially_to_the_culture_of_flowers_and_ornamental_plants_for_indoor_use_and_parlor_decoration_(1872)_(14759110606).jpg,ORB,294.7941589355469,0.6609185610364624,112.17048544393231,-0.6142511349001569
室內場景,Window_gardening_-_devoted_specially_to_the_culture_of_flowers_and_ornamental_plants_for_indoor_use_and_parlor_decoration_(1872)_(14759110606).jpg,LoFTR,258.1958312988281,0.7116129790282563,1440.185804615663,0.9994167200846802
室內場景,Window_gardening_-_devoted_specially_to_the_culture_of_flowers_and_ornamental_plants_for_indoor_use_and_parlor_decoration_(1872)_(14759145456).jpg,SIFT,9.072881698608398,0.996281841287776,0.12532502058001163,0.9999997171882997
室內場景,Window_gardening_-_devoted_specially_to_the_culture_of_flowers_and_ornamental_plants_for_indoor_use_and_parlor_decoration_(1872)_(14759145456).jpg,ORB,626.3037109375,0.8974376980869385,6.015600811454646,0.9992840279433438
室內場景,Window_gardening_-_devoted_specially_to_the_culture_of_flowers_and_ornamental_plants_for_indoor_use_and_parlor_decoration_(1872)_(14759145456).jpg,LoFTR,317.6620788574219,0.9541018711152446,2.7273188820447505,0.9998684374927257
室內場景,Window_gardening_-_devoted_specially_to_the_culture_of_flowers_and_ornamental_plants_for_indoor_use_and_parlor_decoration_(1872)_(14759151316).jpg,SIFT,21.494455337524414,0.9948271746427862,0.334168292802751,0.9999960043146118
室內場景,Window_gardening_-_devoted_specially_to_the_culture_of_flowers_and_ornamental_plants_for_indoor_use_and_parlor_decoration_(1872)_(14759151316).jpg,ORB,261.9977722167969,0.9683596498889859,1.448839614296937,0.9999894239192632
室內場景,Window_gardening_-_devoted_specially_to_the_culture_of_flowers_and_ornamental_plants_for_indoor_use_and_parlor_decoration_(1872)_(14759151316).jpg,LoFTR,146.43096923828125,0.9823722676745057,0.12306937323881864,0.9999998504309018
空拍俯視,001_Volcano_eruption_of_Litli-Hrútur_in_Iceland_in_2023_Photo_by_Giles_Laurent.jpg,SIFT,14.21267318725586,0.9950237521565174,0.8070762987709009,0.9999722063106106
空拍俯視,001_Volcano_eruption_of_Litli-Hrútur_in_Iceland_in_2023_Photo_by_Giles_Laurent.jpg,ORB,467.1883239746094,0.9482504134507499,4.913747702654605,0.9998381807324883
空拍俯視,001_Volcano_eruption_of_Litli-Hrútur_in_Iceland_in_2023_Photo_by_Giles_Laurent.jpg,LoFTR,195.8330841064453,0.9736706792373441,1.0949042901090118,0.9999888207476328
空拍俯視,1963_Indexes_to_Aerial_Photography_for_Cache_National_Forest__Sheet_11_-_DPLA_-_fa34c0780f936891d90e68fc663a308a.jpg,SIFT,91.1548080444336,0.9888319492878136,0.9787117353343996,0.9999934701731715
空拍俯視,1963_Indexes_to_Aerial_Photography_for_Cache_National_Forest__Sheet_11_-_DPLA_-_fa34c0780f936891d90e68fc663a308a.jpg,ORB,12155.287109375,0.742226645995707,159.26068903852385,0.9894058500324278
空拍俯視,1963_Indexes_to_Aerial_Photography_for_Cache_National_Forest__Sheet_11_-_DPLA_-_fa34c0780f936891d90e68fc663a308a.jpg,LoFTR,8347.455078125,0.8165683983840847,130.26808578550654,-0.8886819727694821
空拍俯視,1_aerial_yangshuo_panorama_2017.jpg,SIFT,9.809772491455078,0.9944905538646645,0.8159231616761292,0.9999775466884673
空拍俯視,1_aerial_yangshuo_panorama_2017.jpg,ORB,113.80020141601562,0.9417772509234115,1.1869252258021705,0.9999935717668801
空拍俯視,1_aerial_yangshuo_panorama_2017.jpg,LoFTR,50.130496978759766,0.9773896735315325,1.3168216512327198,0.9999861279224679
空拍俯視,2019-07-31-Lough_Hyne-0828.jpg,SIFT,65025.0,0.0,500.0,0.0
空拍俯視,2019-07-31-Lough_Hyne-0828.jpg,ORB,290.9563903808594,0.29587642844558143,75.48938740451494,0.9963636771021642
空拍俯視,2019-07-31-Lough_Hyne-0828.jpg,LoFTR,127.64834594726562,0.967549584410592,0.5205417223269867,0.9999901891117734
空拍俯視,Aerial_Photography_(6540150).jpg,SIFT,84.64962005615234,0.9851921133740954,4.127802266485605,0.99883924601639
空拍俯視,Aerial_Photography_(6540150).jpg,ORB,131.53135681152344,0.9685056404889099,6.05518999255938,0.995825451914571
空拍俯視,Aerial_Photography_(6540150).jpg,LoFTR,97.79454803466797,0.973843693650954,8.288913110347268,0.994954909129725
空拍俯視,Aerial_Photography_Index_for_Las_Animas_County__Colorado__Sheet_3_-_DPLA_-_bc1e62af51af0b8ca7f9b818795ce890.jpg,SIFT,16.634963989257812,0.995466837406853,0.38300788096376254,0.9999936642508024
空拍俯視,Aerial_Photography_Index_for_Las_Animas_County__Colorado__Sheet_3_-_DPLA_-_bc1e62af51af0b8ca7f9b818795ce890.jpg,ORB,459.0360412597656,0.8948842861578442,9.563576286790045,0.9928600442990487
空拍俯視,Aerial_Photography_Index_for_Las_Animas_County__Colorado__Sheet_3_-_DPLA_-_bc1e62af51af0b8ca7f9b818795ce890.jpg,LoFTR,52.573326110839844,0.9871247611472136,0.26440522208855455,0.9999934851647355
空拍俯視,Aerial_photograph_(aerial_view_or_aerial_shot)_of_a_greenish_hilly_region_of_Manipur_state_(Kangleipak)_taken_from_an_aircraft_01.jpg,SIFT,65025.0,0.0,500.0,0.0
空拍俯視,Aerial_photograph_(aerial_view_or_aerial_shot)_of_a_greenish_hilly_region_of_Manipur_state_(Kangleipak)_taken_from_an_aircraft_01.jpg,ORB,639.655029296875,0.8073600917570273,167.11035624721018,0.05111087478668353
空拍俯視,Aerial_photograph_(aerial_view_or_aerial_shot)_of_a_greenish_hilly_region_of_Manipur_state_(Kangleipak)_taken_from_an_aircraft_01.jpg,LoFTR,30.891193389892578,0.986425569724831,0.304771020271282,0.9999987668363646
空拍俯視,Aerial_photograph_(aerial_view_or_aerial_shot)_of_a_greenish_hilly_region_of_Manipur_state_(Kangleipak)_taken_from_an_aircraft_02.jpg,SIFT,14.220634460449219,0.9894642347442104,3.0625711836536684,0.9989582065876889
空拍俯視,Aerial_photograph_(aerial_view_or_aerial_shot)_of_a_greenish_hilly_region_of_Manipur_state_(Kangleipak)_taken_from_an_aircraft_02.jpg,ORB,94.23609924316406,0.9544958300777017,1.7374233708879598,0.9998805672557094
空拍俯視,Aerial_photograph_(aerial_view_or_aerial_shot)_of_a_greenish_hilly_region_of_Manipur_state_(Kangleipak)_taken_from_an_aircraft_02.jpg,LoFTR,59.858768463134766,0.9853993063648666,0.1318793058191246,0.9999973302556142
空拍俯視,Aerial_shot__Maldives.jpg,SIFT,2.7268974781036377,0.9949490972460878,0.6451960953141008,0.9999995141747224
空拍俯視,Aerial_shot__Maldives.jpg,ORB,108.91725158691406,0.9583239128869668,7.456178137914283,0.9960120160546484
空拍俯視,Aerial_shot__Maldives.jpg,LoFTR,98.41659545898438,0.9673254773178515,4.134593575915057,0.9989656999216353
空拍俯視,Aerial_shot_of_a_small_island_on_a_coral_reef_in_the_Maldives.jpg,SIFT,17225.244140625,0.4863618476913345,212.1665948558891,0.997810169975943
空拍俯視,Aerial_shot_of_a_small_island_on_a_coral_reef_in_the_Maldives.jpg,ORB,14021.4638671875,0.5700683039422825,244.50023171836145,0.645742479698251
空拍俯視,Aerial_shot_of_a_small_island_on_a_coral_reef_in_the_Maldives.jpg,LoFTR,163.41619873046875,0.973051156615916,0.6937745439357849,0.9998648684757986
空拍俯視,Aerial_shots_of_The_Great_Barrier_Reef__Queensland__Australia_(Ank_Kumar)_01.jpg,SIFT,16072.9970703125,0.5171678476514824,433.9005409476243,0.35944705186631903
空拍俯視,Aerial_shots_of_The_Great_Barrier_Reef__Queensland__Australia_(Ank_Kumar)_01.jpg,ORB,11105.7939453125,0.4708604345549147,299.40588535517253,-0.5646628725231484
空拍俯視,Aerial_shots_of_The_Great_Barrier_Reef__Queensland__Australia_(Ank_Kumar)_01.jpg,LoFTR,16.002225875854492,0.9871757332309821,0.18281290971185793,0.9999995760402337
空拍俯視,Aerial_shots_of_The_Great_Barrier_Reef__Queensland__Australia_(Ank_Kumar)_02.jpg,SIFT,17276.634765625,0.2848633786154118,435.1116875444212,0.9106553763283227
空拍俯視,Aerial_shots_of_The_Great_Barrier_Reef__Queensland__Australia_(Ank_Kumar)_02.jpg,ORB,12218.150390625,0.567029166425011,422.0518378066595,0.951123480516271
空拍俯視,Aerial_shots_of_The_Great_Barrier_Reef__Queensland__Australia_(Ank_Kumar)_02.jpg,LoFTR,118.78260803222656,0.9827124035149553,0.6456784266658129,0.9999940234923612
空拍俯視,Aerial_shots_of_The_Great_Barrier_Reef__Queensland__Australia_(Ank_Kumar)_03.jpg,SIFT,65025.0,0.0,500.0,0.0
空拍俯視,Aerial_shots_of_The_Great_Barrier_Reef__Queensland__Australia_(Ank_Kumar)_03.jpg,ORB,5055.876953125,0.33166340642037684,408.72405904643335,-0.12469164349849651
空拍俯視,Aerial_shots_of_The_Great_Barrier_Reef__Queensland__Australia_(Ank_Kumar)_03.jpg,LoFTR,36.56808090209961,0.9831169325746056,0.615036553906678,0.9999854447065317
空拍俯視,Aerial_shots_of_The_Great_Barrier_Reef__Queensland__Australia_(Ank_Kumar)_05.jpg,SIFT,65025.0,0.0,500.0,0.0
空拍俯視,Aerial_shots_of_The_Great_Barrier_Reef__Queensland__Australia_(Ank_Kumar)_05.jpg,ORB,12245.8896484375,0.6422040398889042,458.85392517405455,-0.22365375125241804
空拍俯視,Aerial_shots_of_The_Great_Barrier_Reef__Queensland__Australia_(Ank_Kumar)_05.jpg,LoFTR,31.84565544128418,0.9788422624258319,4.201473485691114,0.9960441059273378
空拍俯視,Aerial_view_of_Uphall_-_geograph.org.uk_-_2236053.jpg,SIFT,34003.5,0.19784192296937464,521.6018752211902,0.03259877546530798
空拍俯視,Aerial_view_of_Uphall_-_geograph.org.uk_-_2236053.jpg,ORB,13623.7099609375,0.5718210067853712,134.52914376338097,0.9196699991116851
空拍俯視,Aerial_view_of_Uphall_-_geograph.org.uk_-_2236053.jpg,LoFTR,26015.9453125,0.46575817465609004,819.4881208206743,-0.18912070870853484
空拍俯視,An_aerial_photography_outing_of_the_Edinburgh_Young_Archaeologists'_Club.jpg,SIFT,11.380922317504883,0.9957685042111261,0.4621258132527078,0.9998601913926226
空拍俯視,An_aerial_photography_outing_of_the_Edinburgh_Young_Archaeologists'_Club.jpg,ORB,173.42417907714844,0.9498725824137232,4.579221048449385,0.9878258442500983
空拍俯視,An_aerial_photography_outing_of_the_Edinburgh_Young_Archaeologists'_Club.jpg,LoFTR,44.83534622192383,0.9801796405846043,0.8553624030165015,0.9995541484215199
空拍俯視,Antio_4.jpg,SIFT,1.663619875907898,0.9967034725931181,0.289563442321076,0.9999992453346657
空拍俯視,Antio_4.jpg,ORB,70.13494873046875,0.9394892914094412,8.370536323862039,0.9998293325886362
空拍俯視,Antio_4.jpg,LoFTR,36.16360092163086,0.9835409553145935,0.8550703791659233,0.9999975873881033
空拍俯視,Antzuolako_Antiguako_ermita_eta_errota.jpg,SIFT,65025.0,0.0,500.0,0.0
空拍俯視,Antzuolako_Antiguako_ermita_eta_errota.jpg,ORB,833.6710815429688,0.38963212919849954,60.805460969797956,0.20300098201557118
空拍俯視,Antzuolako_Antiguako_ermita_eta_errota.jpg,LoFTR,317.2354431152344,0.7740931789999658,101.53021951641078,-0.9953415012436476
空拍俯視,Berlin_Mitte_June_2023_01.jpg,SIFT,2536.138916015625,0.6404622282102685,801.0875071730137,-0.9963021170972187
空拍俯視,Berlin_Mitte_June_2023_01.jpg,ORB,1746.374267578125,0.7829329509315376,86.27878000922824,-0.696223540487045
空拍俯視,Berlin_Mitte_June_2023_01.jpg,LoFTR,1418.11181640625,0.810499557506285,909.9814825052292,0.997488043665715
空拍俯視,Bombardement_du_Grand_Bé_par_des_B-24_Liberators_de_la_8th_Air_Force_américaine_en_août_1944..jpg,SIFT,4.689285755157471,0.9947010127202096,0.7677729096999402,0.9999435691544416
空拍俯視,Bombardement_du_Grand_Bé_par_des_B-24_Liberators_de_la_8th_Air_Force_américaine_en_août_1944..jpg,ORB,44.487060546875,0.979899656882947,0.3646521451346327,0.9999957674392699
空拍俯視,Bombardement_du_Grand_Bé_par_des_B-24_Liberators_de_la_8th_Air_Force_américaine_en_août_1944..jpg,LoFTR,34.94240188598633,0.9872902286078066,0.27461084189813184,0.9999895694839067
空拍俯視,C.1950._Oblique_aerial_photography_camera_in_plane._(35426411132).jpg,SIFT,35.68988800048828,0.9907360161807766,1.9032868989281646,0.9998851846074321
空拍俯視,C.1950._Oblique_aerial_photography_camera_in_plane._(35426411132).jpg,ORB,205.99847412109375,0.9577899995002909,7.233988138709757,0.9988826867390899
空拍俯視,C.1950._Oblique_aerial_photography_camera_in_plane._(35426411132).jpg,LoFTR,74.68618774414062,0.9825249320813342,1.021615900038156,0.9999512367248008
空拍俯視,Cebu__Aerial_photography__Philippines.jpg,SIFT,6.245067596435547,0.9920156350208916,0.7242615178127707,0.9999500671890015
空拍俯視,Cebu__Aerial_photography__Philippines.jpg,ORB,220.27145385742188,0.9380140257482725,13.043110076934449,0.9517481300165666
空拍俯視,Cebu__Aerial_photography__Philippines.jpg,LoFTR,82.86307525634766,0.9770371748402308,0.6335804021376457,0.9998924690045861
空拍俯視,Cebu_Island__Aerial_photography__Sky__Philippines.jpg,SIFT,3.597529649734497,0.9934402921115447,1.183251561177684,0.9999991635888043
空拍俯視,Cebu_Island__Aerial_photography__Sky__Philippines.jpg,ORB,10.63776969909668,0.9803234261705485,1.4084304334676327,0.9999100457939338
空拍俯視,Cebu_Island__Aerial_photography__Sky__Philippines.jpg,LoFTR,6.5072407722473145,0.9872249568326854,0.9591315630147327,0.9999829746325541
空拍俯視,Cranbrook_Aerial_Shot_1.png,SIFT,1.530324935913086,0.9974797810306741,0.2498825953162661,0.9999953300866123
空拍俯視,Cranbrook_Aerial_Shot_1.png,ORB,132.0734100341797,0.981060684565962,0.4319722806643389,0.9999929643759495
空拍俯視,Cranbrook_Aerial_Shot_1.png,LoFTR,130.68356323242188,0.9824734411781488,0.1452495878567244,0.9999999418559744
空拍俯視,Drone-photography-silver-strand-state-beach-san-diego.jpg,SIFT,2.017674684524536,0.9939930500814456,1.3489254216195696,0.9999914205837609
空拍俯視,Drone-photography-silver-strand-state-beach-san-diego.jpg,ORB,86.74057006835938,0.9731056762026709,0.9056402164303595,0.9999718032946552
空拍俯視,Drone-photography-silver-strand-state-beach-san-diego.jpg,LoFTR,87.52217102050781,0.9728462665166455,0.27736126369887687,0.9999994852793774
空拍俯視,Drone_Photography_Hillcrest_San_Diego.jpg,SIFT,1.6612528562545776,0.9970366480515683,0.3055888203823394,0.9999993405831488
空拍俯視,Drone_Photography_Hillcrest_San_Diego.jpg,ORB,78.62059020996094,0.9662521374890151,1.658435927305598,0.9999989787138813
空拍俯視,Drone_Photography_Hillcrest_San_Diego.jpg,LoFTR,134.16632080078125,0.9158751200905949,2.884261856162603,0.9999926085438994
空拍俯視,Drone_Photography_San_Vicente_Reservoir_and_Dam_San_Diego.jpg,SIFT,123.408447265625,0.9027032048517243,23.18053456763294,0.9913783807777212
空拍俯視,Drone_Photography_San_Vicente_Reservoir_and_Dam_San_Diego.jpg,ORB,124.64006805419922,0.9198255929412474,6.680884748700442,0.9990432931226001
空拍俯視,Drone_Photography_San_Vicente_Reservoir_and_Dam_San_Diego.jpg,LoFTR,85.41384887695312,0.9795582370817807,0.562449495858364,0.9999695980507726
空拍俯視,Drone_Photography_Torrey_Pines_Beach_San_Diego.jpg,SIFT,3.9214489459991455,0.995717787471158,3.877127444158534,0.9992067483415792
空拍俯視,Drone_Photography_Torrey_Pines_Beach_San_Diego.jpg,ORB,71.18071746826172,0.9544326950058655,17.981523992300062,0.9849175298292447
空拍俯視,Drone_Photography_Torrey_Pines_Beach_San_Diego.jpg,LoFTR,9.400300979614258,0.987562142745739,6.065531694529734,0.9979686203243084
空拍俯視,Drone_Photography_UCSD_Scripps_Pier_San_Diego.jpg,SIFT,1.8594400882720947,0.9943449909811465,4.865055057992666,0.999998368523365
空拍俯視,Drone_Photography_UCSD_Scripps_Pier_San_Diego.jpg,ORB,395.2938537597656,0.8566498445598921,19.572495732440856,0.9932649474749303
空拍俯視,Drone_Photography_UCSD_Scripps_Pier_San_Diego.jpg,LoFTR,82.23236083984375,0.9798661259349007,1.379712917699156,0.9999546728713257
空拍俯視,EQUIPMENT_USED_TO_MAKE_HIGH-ALTITUDE_PHOTOGRAPHS_-_Photo-era_magazine__vol_53_(1924).jpg,SIFT,3688.425048828125,0.17598217211561107,456.1470830823563,0.9833229684030244
空拍俯視,EQUIPMENT_USED_TO_MAKE_HIGH-ALTITUDE_PHOTOGRAPHS_-_Photo-era_magazine__vol_53_(1924).jpg,ORB,22.3353271484375,0.9823246117485084,0.8206823253444049,0.9996422341192884
空拍俯視,EQUIPMENT_USED_TO_MAKE_HIGH-ALTITUDE_PHOTOGRAPHS_-_Photo-era_magazine__vol_53_(1924).jpg,LoFTR,17.933666229248047,0.9881305702205583,0.27341398509023623,0.999977875119058
空拍俯視,Eckersdorf_OT_Schanz.JPG,SIFT,5.2449631690979,0.9942027210121765,0.3175381341464738,0.9999973245122087
空拍俯視,Eckersdorf_OT_Schanz.JPG,ORB,218.02699279785156,0.935190805729623,4.328342984809788,0.9976212666573161
空拍俯視,Eckersdorf_OT_Schanz.JPG,LoFTR,158.3919677734375,0.9771345511273145,0.8338156980443789,0.9999775196442424
空拍俯視,Former_main_building_of_SLF_on_Weissfluhjoch__aerial_photography_2.jpg,SIFT,2.814148187637329,0.9953909473739668,0.9928672067665519,0.9992042092674778
空拍俯視,Former_main_building_of_SLF_on_Weissfluhjoch__aerial_photography_2.jpg,ORB,81.77940368652344,0.9593898917169916,3.210773876097902,0.9923018244707504
空拍俯視,Former_main_building_of_SLF_on_Weissfluhjoch__aerial_photography_2.jpg,LoFTR,78.20172882080078,0.9800799254056108,0.11907323699251958,0.9999839367170997
空拍俯視,Index_to_Aerial_Photography_of_Carroll_County__Illinois_3_-_DPLA_-_21000ce9280956d891a5e19af967fea6.jpg,SIFT,12.57866096496582,0.9892710494220173,5.872145299262327,0.9995619488900706
空拍俯視,Index_to_Aerial_Photography_of_Carroll_County__Illinois_3_-_DPLA_-_21000ce9280956d891a5e19af967fea6.jpg,ORB,73.12030792236328,0.9737431134795522,38.536066102936296,0.9979811054149691
空拍俯視,Index_to_Aerial_Photography_of_Carroll_County__Illinois_3_-_DPLA_-_21000ce9280956d891a5e19af967fea6.jpg,LoFTR,60.5289421081543,0.9851708037077757,0.6710984971902771,0.9999986711882217
空拍俯視,Index_to_Aerial_Photography_of_Marshall_County__Tennessee_2_-_DPLA_-_0430dc43ecae27332a2a6765e1c00381.jpg,SIFT,1804.45361328125,0.7487920222701515,411.57426027357195,-0.3511412761512837
空拍俯視,Index_to_Aerial_Photography_of_Marshall_County__Tennessee_2_-_DPLA_-_0430dc43ecae27332a2a6765e1c00381.jpg,ORB,4234.48095703125,0.48679340979059016,295.47500637823043,-0.0995335127796946
空拍俯視,Index_to_Aerial_Photography_of_Marshall_County__Tennessee_2_-_DPLA_-_0430dc43ecae27332a2a6765e1c00381.jpg,LoFTR,9.856239318847656,0.9882776111738145,0.8068815090033283,0.9999849312948828
空拍俯視,Index_to_Aerial_Photography_of_Perry_County__Arkansas_12_-_DPLA_-_2ea1bbbe533611c496c208554f9a3b8a.jpg,SIFT,2.1534438133239746,0.9889976191867309,1.2092820842854324,0.9999667642840004
空拍俯視,Index_to_Aerial_Photography_of_Perry_County__Arkansas_12_-_DPLA_-_2ea1bbbe533611c496c208554f9a3b8a.jpg,ORB,104.94526672363281,0.9554696223124338,3.230298248439037,0.9994135886105903
空拍俯視,Index_to_Aerial_Photography_of_Perry_County__Arkansas_12_-_DPLA_-_2ea1bbbe533611c496c208554f9a3b8a.jpg,LoFTR,104.43224334716797,0.9863075149773997,0.2234866601796076,0.9999999271900785
空拍俯視,Index_to_Aerial_Photography_of_Washington_County__Arkansas_4_-_DPLA_-_242df81833ffa5cf1b893b13bbe309a1.jpg,SIFT,30689.119140625,0.45643546919492467,528.1462472010717,-0.993726215302187
空拍俯視,Index_to_Aerial_Photography_of_Washington_County__Arkansas_4_-_DPLA_-_242df81833ffa5cf1b893b13bbe309a1.jpg,ORB,16070.138671875,0.6901143520816874,354.87602981220806,-0.9976683874146924
空拍俯視,Index_to_Aerial_Photography_of_Washington_County__Arkansas_4_-_DPLA_-_242df81833ffa5cf1b893b13bbe309a1.jpg,LoFTR,247.03997802734375,0.975369277881406,3.3386799117869166,0.9999900898813433
空拍俯視,Landwasserviadukt__aerial_photography_from_northeast_2.jpg,SIFT,257.5002746582031,0.5998450965210985,475.90026951262314,-0.9461451500079321
空拍俯視,Landwasserviadukt__aerial_photography_from_northeast_2.jpg,ORB,353.28668212890625,0.6908532159259865,227.3472675780375,-0.9864817050944332
空拍俯視,Landwasserviadukt__aerial_photography_from_northeast_2.jpg,LoFTR,200.30712890625,0.7471880417017598,103.93983712907767,-0.9920359475273517
空拍俯視,Medway_Aerial_Photography_logo.jpg,SIFT,385.7911682128906,0.9413842905989382,7.021032749779943,0.9983896211175225
空拍俯視,Medway_Aerial_Photography_logo.jpg,ORB,504.4268493652344,0.9353051194108906,6.250704879621393,0.9989946393283866
空拍俯視,Medway_Aerial_Photography_logo.jpg,LoFTR,31.210697174072266,0.9809030110258314,1.2443315221329527,0.9999289220350587
空拍俯視,North_Laguna_Aerial_photo_by_D_Ramey_Logan.jpg,SIFT,0.24429039657115936,0.9986243239415225,0.09280280021425033,0.9999988716224123
空拍俯視,North_Laguna_Aerial_photo_by_D_Ramey_Logan.jpg,ORB,124.21823120117188,0.95877225859659,5.454767123936146,0.9994384006973047
空拍俯視,North_Laguna_Aerial_photo_by_D_Ramey_Logan.jpg,LoFTR,125.96551513671875,0.9643297780978269,2.168331785754288,0.99939190504781
空拍俯視,North_Park_San_Diego_Sunset_Aerial_Photography.jpg,SIFT,3.333871841430664,0.9962978871927985,0.6824089332405388,0.9999997032923522
空拍俯視,North_Park_San_Diego_Sunset_Aerial_Photography.jpg,ORB,69.7117919921875,0.9758905730253421,1.245014011022928,0.9999805540434783
空拍俯視,North_Park_San_Diego_Sunset_Aerial_Photography.jpg,LoFTR,198.17918395996094,0.9385322368655681,8.341716963796406,0.997380280766434
空拍俯視,Palm_Beach_County_Park_Lantana_Airport.jpg,SIFT,1.720178484916687,0.9977799256596572,0.22476845281501098,0.9999862548942602
空拍俯視,Palm_Beach_County_Park_Lantana_Airport.jpg,ORB,31.768030166625977,0.9790427689761305,0.8273181778989653,0.9999988795542073
空拍俯視,Palm_Beach_County_Park_Lantana_Airport.jpg,LoFTR,48.73937225341797,0.9590976796690084,0.810525671460069,0.999856144214873
空拍俯視,Palm_Springs_International_Airport_photo_Don_Ramey_Logan.jpg,SIFT,1.820359468460083,0.9964628535259461,1.0958850497712473,0.9999944169798962
空拍俯視,Palm_Springs_International_Airport_photo_Don_Ramey_Logan.jpg,ORB,320.72271728515625,0.8781869185560844,7.573313870445813,0.9942259690352391
空拍俯視,Palm_Springs_International_Airport_photo_Don_Ramey_Logan.jpg,LoFTR,74.24494934082031,0.9823727960905259,0.5402739468193462,0.9999785639284768
空拍俯視,Rosenbad_September_2014_01.jpg,SIFT,2.3878915309906006,0.9973949173897786,0.2292533416140402,0.9999964934282382
空拍俯視,Rosenbad_September_2014_01.jpg,ORB,59.393028259277344,0.9679159382647282,0.7887929197898389,0.9999578838490324
空拍俯視,Rosenbad_September_2014_01.jpg,LoFTR,45.495582580566406,0.9795045168127855,0.05296943302425006,0.9999999190138806
空拍俯視,San_Blas_ermita_Antzuolako_Basalde_auzoan.jpg,SIFT,2.4403929710388184,0.9974004279592839,0.3147018140237532,0.9999400074660302
空拍俯視,San_Blas_ermita_Antzuolako_Basalde_auzoan.jpg,ORB,100.24796295166016,0.9639591407576115,2.8180114335938984,0.9944830952678669
空拍俯視,San_Blas_ermita_Antzuolako_Basalde_auzoan.jpg,LoFTR,53.45645523071289,0.9805282029747281,1.0170896809999115,0.9995521137642336
空拍俯視,San_Gimignano_aerial.jpg,SIFT,16.992721557617188,0.9958437885651218,0.9871009789372456,0.9999237783163994
空拍俯視,San_Gimignano_aerial.jpg,ORB,515.6785278320312,0.9221269838445406,31.63887272115839,0.9691283237448792
空拍俯視,San_Gimignano_aerial.jpg,LoFTR,148.04342651367188,0.9618861006268247,13.052346121461174,0.9971670393357018
空拍俯視,Stugl__aerial_photography_1.jpg,SIFT,0.9725374579429626,0.9975672947910583,0.13520810673176462,0.9999997290717881
空拍俯視,Stugl__aerial_photography_1.jpg,ORB,178.09071350097656,0.8526875464634012,23.66138632320914,0.99487576711814
空拍俯視,Stugl__aerial_photography_1.jpg,LoFTR,10.839926719665527,0.9866690238189977,0.718433819908945,0.999991436405675
空拍俯視,Swiss_Camp_(Greenland)__aerial_photography_4.jpg,SIFT,449.3538818359375,0.9723691240816774,5.187772415728035,0.9934986483889624
空拍俯視,Swiss_Camp_(Greenland)__aerial_photography_4.jpg,ORB,2595.37451171875,0.9082899265218494,43.40800064415699,0.27344742175255143
空拍俯視,Swiss_Camp_(Greenland)__aerial_photography_4.jpg,LoFTR,1585.66259765625,0.9270361231254769,3.009983719585601,0.999674921803498
空拍俯視,Unmanned_aerial_vehicle_aerial_photography_30.jpg,SIFT,65025.0,0.0,500.0,0.0
空拍俯視,Unmanned_aerial_vehicle_aerial_photography_30.jpg,ORB,446.7635498046875,0.58177185551323,194.0951702576049,0.6013817601652134
空拍俯視,Unmanned_aerial_vehicle_aerial_photography_30.jpg,LoFTR,130.86512756347656,0.8624489585664931,19.702108779345846,0.9437975219448188
空拍俯視,Vancouver_Lake__aerial_shot_from_Oregon.jpg,SIFT,167.81094360351562,0.9544697641815085,10.339268410546829,0.9994582831788927
空拍俯視,Vancouver_Lake__aerial_shot_from_Oregon.jpg,ORB,3936.866455078125,0.3321878969816772,137.29421666583974,0.9969510355763522
空拍俯視,Vancouver_Lake__aerial_shot_from_Oregon.jpg,LoFTR,121.16639709472656,0.9531796873191374,2.7303009209016023,0.9999981963435155
空拍俯視,Ziteil__aerial_photography__from_east.jpg,SIFT,5267.505859375,0.5419261335517899,669.7137776034017,0.8127410494369679
空拍俯視,Ziteil__aerial_photography__from_east.jpg,ORB,529.9655151367188,0.8951703771763168,13.980236743938518,0.9979490663274747
空拍俯視,Ziteil__aerial_photography__from_east.jpg,LoFTR,107.55172729492188,0.9853770549133866,0.3868604706695066,0.9999885796636954
空拍俯視,Aerial_Photography_-_geograph.org.uk_-_3334772.jpg,SIFT,2.1338253021240234,0.995696818850749,0.2709922346768086,0.9999996445683244
空拍俯視,Aerial_Photography_-_geograph.org.uk_-_3334772.jpg,ORB,302.4930114746094,0.7321668587323773,5.048550939289187,0.9977892961665278
空拍俯視,Aerial_Photography_-_geograph.org.uk_-_3334772.jpg,LoFTR,25.72516632080078,0.9895175334928751,0.178438635741816,0.9999973240529652
空拍俯視,Aerial_Photography_Ancaster_Mansion_(15211042507).jpg,SIFT,5.800176620483398,0.9961550700047853,0.589459117466299,0.9999914132255957
空拍俯視,Aerial_Photography_Ancaster_Mansion_(15211042507).jpg,ORB,209.32147216796875,0.962484654131623,0.8572896462095689,0.9999763476529132
空拍俯視,Aerial_Photography_Ancaster_Mansion_(15211042507).jpg,LoFTR,179.3982391357422,0.9751922866684268,0.2929444733769148,0.9999967040217893
空拍俯視,Aerial_Photography_Index_for_Iron_County__Utah__Sheet_3_-_DPLA_-_60172732b7620bdd7e26ee4389047045.jpg,SIFT,1.8488295078277588,0.9982007973181543,0.416924973600451,0.9999569915768965
空拍俯視,Aerial_Photography_Index_for_Iron_County__Utah__Sheet_3_-_DPLA_-_60172732b7620bdd7e26ee4389047045.jpg,ORB,51.932228088378906,0.9840005661803802,0.8814667881298239,0.999932745507381
空拍俯視,Aerial_Photography_Index_for_Iron_County__Utah__Sheet_3_-_DPLA_-_60172732b7620bdd7e26ee4389047045.jpg,LoFTR,36.556968688964844,0.9878638364027401,0.6314267477481498,0.9999302042284489
空拍俯視,Aerial_Picture_of_a_Giraffe.jpg,SIFT,65025.0,0.0,500.0,0.0
空拍俯視,Aerial_Picture_of_a_Giraffe.jpg,ORB,234.460205078125,0.5970650885347613,302.56708258739485,-0.9992521269698618
空拍俯視,Aerial_Picture_of_a_Giraffe.jpg,LoFTR,126.19774627685547,0.9711958815326399,10.21185288554046,0.9993387629233961
空拍俯視,Aerial_photographs_of_The_Fullerton_Hotel_of_Singapore_at_night.jpg,SIFT,80.04122924804688,0.9676088839076534,2.0993275569630323,0.9998809331707302
空拍俯視,Aerial_photographs_of_The_Fullerton_Hotel_of_Singapore_at_night.jpg,ORB,224.2292022705078,0.9517667905784624,2.2692651395854386,0.999994563178193
空拍俯視,Aerial_photographs_of_The_Fullerton_Hotel_of_Singapore_at_night.jpg,LoFTR,221.05532836914062,0.9232085040380354,1.5551099227044078,0.9999714827187589
空拍俯視,Aerial_photography_of_Gorky.jpg,SIFT,0.6517353653907776,0.9979386909642775,0.49346174024678263,0.9999893333760733
空拍俯視,Aerial_photography_of_Gorky.jpg,ORB,70.6473617553711,0.9773853924626638,2.629021101646451,0.9992849807890207
空拍俯視,Aerial_photography_of_Gorky.jpg,LoFTR,67.66828918457031,0.9796837823059004,1.0945158352083848,0.999967991858343
空拍俯視,Aerial_photography_of_Lura_-_North_side.jpg,SIFT,1.4454913139343262,0.9977328959328418,0.27233775538480126,0.9999999973062668
空拍俯視,Aerial_photography_of_Lura_-_North_side.jpg,ORB,142.79837036132812,0.973990518023605,0.6237367243318054,0.9999992680795035
空拍俯視,Aerial_photography_of_Lura_-_North_side.jpg,LoFTR,384.7940673828125,0.7551293268883708,8.831276365039269,0.9999963098693668
空拍俯視,Aerial_shot_of_Medway_Gate.jpg,SIFT,5.444632053375244,0.9963248871721886,0.015678649683304232,0.999999989502433
空拍俯視,Aerial_shot_of_Medway_Gate.jpg,ORB,121.7356185913086,0.9592834027332396,2.0362503682856294,0.9995137042093012
空拍俯視,Aerial_shot_of_Medway_Gate.jpg,LoFTR,77.63521575927734,0.9604643838237741,3.4405383364918043,0.9997067436823829
空拍俯視,Aerial_shot_of_National_Central_University_in_1929.jpg,SIFT,3.949470281600952,0.9968374697186072,0.131756784571472,0.9999947483260379
空拍俯視,Aerial_shot_of_National_Central_University_in_1929.jpg,ORB,63.79163360595703,0.9768331816275401,0.3860179809505733,0.9999547251298955
空拍俯視,Aerial_shot_of_National_Central_University_in_1929.jpg,LoFTR,34.49267578125,0.9876782056464722,0.4481172481458316,0.9999676819789123
空拍俯視,Aerial_shot_of_Pier_Road_&_Chatham_Waters_from_the_Docks.jpg,SIFT,5.393241882324219,0.9899899015362127,0.405930169510192,0.9997372453124049
空拍俯視,Aerial_shot_of_Pier_Road_&_Chatham_Waters_from_the_Docks.jpg,ORB,99.94571685791016,0.9305238133390855,3.942156328034411,0.9957169147565211
空拍俯視,Aerial_shot_of_Pier_Road_&_Chatham_Waters_from_the_Docks.jpg,LoFTR,30.584611892700195,0.9598337755313937,0.9776212126821837,0.999393754383368
空拍俯視,Aerial_shot_of_the_torpedoed_and_grounded.jpg,SIFT,13.175104141235352,0.9969929027710084,0.3797012421647843,0.9999999628141972
空拍俯視,Aerial_shot_of_the_torpedoed_and_grounded.jpg,ORB,837.9603881835938,0.9270249409103162,6.431305499531402,0.9999200269804028
空拍俯視,Aerial_shot_of_the_torpedoed_and_grounded.jpg,LoFTR,116.33953857421875,0.9864560949186049,0.1772715041209551,0.9999989159777481
空拍俯視,Aerial_shots_of_The_Great_Barrier_Reef__Queensland__Australia_(Ank_Kumar)_04.jpg,SIFT,65025.0,0.0,500.0,0.0
空拍俯視,Aerial_shots_of_The_Great_Barrier_Reef__Queensland__Australia_(Ank_Kumar)_04.jpg,ORB,65025.0,0.0,500.0,0.0
空拍俯視,Aerial_shots_of_The_Great_Barrier_Reef__Queensland__Australia_(Ank_Kumar)_04.jpg,LoFTR,155.6430206298828,0.9610722893673482,2.152036387335971,0.9999995295073721
空拍俯視,Aerial_view_of_Portuguese_calçada__Instituto_Superior_Técnico__Lisbon__Portugal_julesvernex2.jpg,SIFT,21974.83984375,0.40282071931747526,880.5966710650603,-0.9366586658069949
空拍俯視,Aerial_view_of_Portuguese_calçada__Instituto_Superior_Técnico__Lisbon__Portugal_julesvernex2.jpg,ORB,6021.92041015625,0.7684295117186308,90.9827555217316,-0.6195193904952537
空拍俯視,Aerial_view_of_Portuguese_calçada__Instituto_Superior_Técnico__Lisbon__Portugal_julesvernex2.jpg,LoFTR,385.29766845703125,0.9469197588823386,3.3198149728293,0.9981588296594648
空拍俯視,Aerial_view_of_Rushikonda_beach.jpg,SIFT,6.533507347106934,0.9939812681407466,0.6657945843245897,0.9999992147766189
空拍俯視,Aerial_view_of_Rushikonda_beach.jpg,ORB,856.796630859375,0.805808191484837,5.723316062851981,0.9997090852430855
空拍俯視,Aerial_view_of_Rushikonda_beach.jpg,LoFTR,169.1025848388672,0.9799119657239316,0.35952476388061255,0.999997969167966
空拍俯視,Aerial_view_of_the_Vaux-de-Cernay_abbey.jpg,SIFT,6.588035583496094,0.9796625694073685,1.6341968090261272,0.9992868655828516
空拍俯視,Aerial_view_of_the_Vaux-de-Cernay_abbey.jpg,ORB,143.7714385986328,0.9244882591284783,4.233498692555297,0.9951257436960368
空拍俯視,Aerial_view_of_the_Vaux-de-Cernay_abbey.jpg,LoFTR,209.71588134765625,0.8618203584637167,9.094704055165755,0.9913773900790288
空拍俯視,Antio.jpg,SIFT,4.3562703132629395,0.9962481692775783,1.4896759372650588,0.9999846976288211
空拍俯視,Antio.jpg,ORB,95.9581527709961,0.9769799166466336,0.4012946168466686,0.9999938076183639
空拍俯視,Antio.jpg,LoFTR,93.65673828125,0.981769568573233,0.3495356199601037,0.9999977329651373
空拍俯視,Antio_2.jpg,SIFT,0.42297467589378357,0.9993990167053551,0.04813447650792567,0.9999999566145914
空拍俯視,Antio_2.jpg,ORB,237.36465454101562,0.9331039937513997,0.37981463582409775,0.9999992821933821
空拍俯視,Antio_2.jpg,LoFTR,207.8617401123047,0.9642047098047912,1.8686782177055914,0.9999907686762007
空拍俯視,Antio_3.jpg,SIFT,0.9747780561447144,0.9950117650998591,0.230075348456926,0.9999999968167728
空拍俯視,Antio_3.jpg,ORB,27.48607063293457,0.953851072804326,1.5795156262123253,0.9998163943709067
空拍俯視,Antio_3.jpg,LoFTR,12.259319305419922,0.9854120321199542,0.3798382989100626,0.9999903438581488
空拍俯視,Ashoro_Heliport_Aerial_shot.jpg,SIFT,5.016082763671875,0.996256475554328,0.34907083960596796,0.999999834538609
空拍俯視,Ashoro_Heliport_Aerial_shot.jpg,ORB,32.53265380859375,0.9828944364484362,0.9564442426808599,0.9999540494877123
空拍俯視,Ashoro_Heliport_Aerial_shot.jpg,LoFTR,7.292152404785156,0.9936706309736831,0.24779584742617577,0.9999990078732205
空拍俯視,Bielsa_-_Mirador_de_Bielsa_01.jpg,SIFT,4.430099964141846,0.9945023819294072,1.4324919315868025,0.9997370625488141
空拍俯視,Bielsa_-_Mirador_de_Bielsa_01.jpg,ORB,92.16886138916016,0.9388778333206693,17.73549910881377,0.9168699223800066
空拍俯視,Bielsa_-_Mirador_de_Bielsa_01.jpg,LoFTR,22.875375747680664,0.9825829178889758,1.1038285239434578,0.9996861318616691
空拍俯視,Cranbrook_Aerial_Shot_2.png,SIFT,0.36087408661842346,0.9991842986370123,0.15309856472069786,0.9999995939769329
空拍俯視,Cranbrook_Aerial_Shot_2.png,ORB,65.04290008544922,0.9836019405044906,0.7647244096400094,0.9999854331264678
空拍俯視,Cranbrook_Aerial_Shot_2.png,LoFTR,75.88046264648438,0.9792986996547381,1.221989704714837,0.9999325062299041
空拍俯視,Donald_R._Lobaugh_Bridge_-_aerial_shot_2024.jpg,SIFT,10.6116361618042,0.9957830492419188,0.40929397040061105,0.999904913466181
空拍俯視,Donald_R._Lobaugh_Bridge_-_aerial_shot_2024.jpg,ORB,822.4845581054688,0.7566573342085045,6.2117808034706785,0.9885368905600063
空拍俯視,Donald_R._Lobaugh_Bridge_-_aerial_shot_2024.jpg,LoFTR,33.154083251953125,0.9859127001951761,0.321092200778168,0.9998844437837714
空拍俯視,Edinburgh_Young_Archaeologists'_Club_on_an_aerial_photography_outing_with_members_of_West_Lothian_Aerial_Archaeology_in_2010.jpg,SIFT,59.15594482421875,0.9905064934730318,0.2874294982667193,0.9999931323823056
空拍俯視,Edinburgh_Young_Archaeologists'_Club_on_an_aerial_photography_outing_with_members_of_West_Lothian_Aerial_Archaeology_in_2010.jpg,ORB,659.7774658203125,0.9135434570835196,0.8209490034130291,0.9999785089392604
空拍俯視,Edinburgh_Young_Archaeologists'_Club_on_an_aerial_photography_outing_with_members_of_West_Lothian_Aerial_Archaeology_in_2010.jpg,LoFTR,200.73109436035156,0.9617070558814692,3.1651392927476683,0.9998205160170404
空拍俯視,Högalidskyrkan_September_2014_02.jpg,SIFT,0.9561047554016113,0.9979280935258482,0.33295856364431076,0.9999956166730801
空拍俯視,Högalidskyrkan_September_2014_02.jpg,ORB,37.915321350097656,0.9526312147636518,0.72128193111409,0.9999928462211043
空拍俯視,Högalidskyrkan_September_2014_02.jpg,LoFTR,10.96896743774414,0.9902181004998913,0.49654458360665016,0.9999932261660069
空拍俯視,Julius_Neubronner_with_pigeon_and_camera_1914_cropped.jpg,SIFT,3.203533887863159,0.9944417754854116,0.6069243436265874,0.9999570548406064
空拍俯視,Julius_Neubronner_with_pigeon_and_camera_1914_cropped.jpg,ORB,75.06754302978516,0.9806195209881918,1.5109836748921512,0.99946649637265
空拍俯視,Julius_Neubronner_with_pigeon_and_camera_1914_cropped.jpg,LoFTR,70.63630676269531,0.9867323986268017,1.1002878281507553,0.9999938783610715
空拍俯視,La_Jolla__CA_San_Diego_Surfer_on_Beach_Aerial_View.jpg,SIFT,2.916520357131958,0.9961671415870288,0.6847761241096887,0.9999999843835827
空拍俯視,La_Jolla__CA_San_Diego_Surfer_on_Beach_Aerial_View.jpg,ORB,160.96531677246094,0.931956953078891,4.798427719939995,0.9999405026971153
空拍俯視,La_Jolla__CA_San_Diego_Surfer_on_Beach_Aerial_View.jpg,LoFTR,106.41537475585938,0.9781305342409397,0.3806427595204809,0.9999960642261513
空拍俯視,Lantern_slide_used_for_aerial_photography_training_(15897632714).jpg,SIFT,1.7163925170898438,0.9984121357931345,0.3286662287241215,0.9999966989977845
空拍俯視,Lantern_slide_used_for_aerial_photography_training_(15897632714).jpg,ORB,50.69022750854492,0.9882873050512851,0.3121536444184065,0.999993229845522
空拍俯視,Lantern_slide_used_for_aerial_photography_training_(15897632714).jpg,LoFTR,50.41569137573242,0.9886157798951101,1.2732670976927356,0.9999904786995536
空拍俯視,Lantern_slide_used_for_aerial_photography_training_(15897700484).jpg,SIFT,0.33753374218940735,0.9994053246981764,0.21735279349818984,0.9999988838778496
空拍俯視,Lantern_slide_used_for_aerial_photography_training_(15897700484).jpg,ORB,64.02191162109375,0.9772362042682493,3.4726436012814204,0.9992845561225654
空拍俯視,Lantern_slide_used_for_aerial_photography_training_(15897700484).jpg,LoFTR,54.88006591796875,0.9826296982842453,0.879084160242581,0.9999951653324969
空拍俯視,Lantern_slide_used_for_aerial_photography_training_(16332553698).jpg,SIFT,26.141712188720703,0.9946440872997493,0.5307267726931184,0.9999910090675489
空拍俯視,Lantern_slide_used_for_aerial_photography_training_(16332553698).jpg,ORB,452.2752380371094,0.9363781354818036,2.700337917013386,0.9994505936513419
空拍俯視,Lantern_slide_used_for_aerial_photography_training_(16332553698).jpg,LoFTR,277.79217529296875,0.9654051478534683,1.7160025288785958,0.9999852912333833
空拍俯視,Lantern_slide_used_for_aerial_photography_training_(16332608148).jpg,SIFT,1.1631752252578735,0.9980693709019824,1.3461197624618775,0.9999331326048985
空拍俯視,Lantern_slide_used_for_aerial_photography_training_(16332608148).jpg,ORB,29.213151931762695,0.9809735068622668,5.320836660987654,0.9995378193634533
空拍俯視,Lantern_slide_used_for_aerial_photography_training_(16332608148).jpg,LoFTR,21.866222381591797,0.9857358635767249,1.3010489729625199,0.9999691012629556
空拍俯視,Lantern_slide_used_for_aerial_photography_training_(16332880450).jpg,SIFT,7.3464837074279785,0.9968595503581189,0.5466295408973998,0.9999714812121252
空拍俯視,Lantern_slide_used_for_aerial_photography_training_(16332880450).jpg,ORB,98.32904052734375,0.9781378740361535,1.2245731221734435,0.99989668450584
空拍俯視,Lantern_slide_used_for_aerial_photography_training_(16332880450).jpg,LoFTR,48.85304260253906,0.9851555111618459,0.23554501555708804,0.9999998938553419
空拍俯視,Lantern_slide_used_for_aerial_photography_training_(16332893670).jpg,SIFT,3604.1513671875,0.8586385934869023,41.678833853479865,0.8191223706027846
空拍俯視,Lantern_slide_used_for_aerial_photography_training_(16332893670).jpg,ORB,1061.373046875,0.9204084344980464,5.926536617848996,0.9999780470135576
空拍俯視,Lantern_slide_used_for_aerial_photography_training_(16332893670).jpg,LoFTR,225.9100799560547,0.968691661257621,4.736558344708142,0.9999974615981393
空拍俯視,Lantern_slide_used_for_aerial_photography_training_(16334273347).jpg,SIFT,65025.0,0.0,500.0,0.0
空拍俯視,Lantern_slide_used_for_aerial_photography_training_(16334273347).jpg,ORB,14089.958984375,0.7485342701943746,113.0910946746872,0.9802226017479769
空拍俯視,Lantern_slide_used_for_aerial_photography_training_(16334273347).jpg,LoFTR,14178.02734375,0.7417272559953861,139.1938199887945,0.44585635664907897
空拍俯視,Lantern_slide_used_for_aerial_photography_training_(16334314607).jpg,SIFT,16.122982025146484,0.9960343229969095,1.2155011354493463,0.9999229535569473
空拍俯視,Lantern_slide_used_for_aerial_photography_training_(16334314607).jpg,ORB,151.45143127441406,0.9636969546894365,0.31907976794096415,0.9999992414910197
空拍俯視,Lantern_slide_used_for_aerial_photography_training_(16334314607).jpg,LoFTR,52.44874572753906,0.9842758559988098,0.2774737765534858,0.9999990555660448
空拍俯視,Lantern_slide_used_for_aerial_photography_training_(16494234476).jpg,SIFT,65025.0,0.0,500.0,0.0
空拍俯視,Lantern_slide_used_for_aerial_photography_training_(16494234476).jpg,ORB,197.2044219970703,0.64847203411448,335.56426234889705,-0.5599579509465741
空拍俯視,Lantern_slide_used_for_aerial_photography_training_(16494234476).jpg,LoFTR,178.26324462890625,0.6439026001051286,59.46373421249186,0.8723125500842631
空拍俯視,Lantern_slide_used_for_aerial_photography_training_(16519302702).jpg,SIFT,9.200652122497559,0.9972022121492828,0.344197551692182,0.9999938856326162
空拍俯視,Lantern_slide_used_for_aerial_photography_training_(16519302702).jpg,ORB,568.919921875,0.9268388939230843,2.889219421788258,0.99982615683409
空拍俯視,Lantern_slide_used_for_aerial_photography_training_(16519302702).jpg,LoFTR,81.48290252685547,0.9835734793182345,0.2646541042597493,0.9999993667743959
空拍俯視,Luftaufnahme_Innenstadt_Essen_Blickrichtung_West_2014.jpg,SIFT,5.9522223472595215,0.9970584940675531,0.18765059082740784,0.9999981163932801
空拍俯視,Luftaufnahme_Innenstadt_Essen_Blickrichtung_West_2014.jpg,ORB,163.0719757080078,0.946297280674434,1.6713363654592244,0.9990130239681034
空拍俯視,Luftaufnahme_Innenstadt_Essen_Blickrichtung_West_2014.jpg,LoFTR,12667.88671875,0.36364192004251666,21091.963064328294,0.005762499648069453
空拍俯視,Luftaufnahmen_Nordseekueste_2011-09-04_by-RaBoe-020.jpg,SIFT,23.01687240600586,0.9924975536338139,0.8512940339617308,0.9999794251666856
空拍俯視,Luftaufnahmen_Nordseekueste_2011-09-04_by-RaBoe-020.jpg,ORB,325.11456298828125,0.9512987557870296,2.346289961343818,0.9999623589552423
空拍俯視,Luftaufnahmen_Nordseekueste_2011-09-04_by-RaBoe-020.jpg,LoFTR,156.47830200195312,0.9800492623210032,0.33354319104376845,0.9999996889268811
空拍俯視,Luftbildkamera.jpg,SIFT,59.13283920288086,0.9896992612501225,0.7950507009067143,0.9999893242969062
空拍俯視,Luftbildkamera.jpg,ORB,1518.29736328125,0.8820499150595199,16.97698257872865,0.9801816978713803
空拍俯視,Luftbildkamera.jpg,LoFTR,289.5479431152344,0.9659255691550648,3.563564928526976,0.999129877320028
空拍俯視,NIMH_-_2011_-_9901-008_-_Aerial_photograph_of_Utrecht__The_Netherlands.jpg,SIFT,65025.0,0.0,500.0,0.0
空拍俯視,NIMH_-_2011_-_9901-008_-_Aerial_photograph_of_Utrecht__The_Netherlands.jpg,ORB,362.72857666015625,0.5631144818347773,396.23969570111734,-0.9991969043337586
空拍俯視,NIMH_-_2011_-_9901-008_-_Aerial_photograph_of_Utrecht__The_Netherlands.jpg,LoFTR,104.83056640625,0.9763033264637024,0.8054667504518027,0.9999928568467698
空拍俯視,NIMH_-_2011_-_9903-24-02_-_Aerial_photograph_of_Borculo__The_Netherlands.jpg,SIFT,0.9678961634635925,0.9989910876011847,0.42318734086564974,0.999992751486531
空拍俯視,NIMH_-_2011_-_9903-24-02_-_Aerial_photograph_of_Borculo__The_Netherlands.jpg,ORB,47.8014030456543,0.9808798814533979,0.5893904518548873,0.999982658980927
空拍俯視,NIMH_-_2011_-_9903-24-02_-_Aerial_photograph_of_Borculo__The_Netherlands.jpg,LoFTR,43.07986831665039,0.9838022416478664,1.464267669255758,0.999948414164266
空拍俯視,NIMH_-_2155_013982_-_Aerial_photograph_of_Medemblik__The_Netherlands.jpg,SIFT,4.4422607421875,0.9963026384883238,0.20474255374666656,0.9999998975145674
空拍俯視,NIMH_-_2155_013982_-_Aerial_photograph_of_Medemblik__The_Netherlands.jpg,ORB,672.60693359375,0.9087645262557912,3.578784595707816,0.9999644307698323
空拍俯視,NIMH_-_2155_013982_-_Aerial_photograph_of_Medemblik__The_Netherlands.jpg,LoFTR,140.52601623535156,0.9837956743261017,0.06099387099780671,0.9999999905366341
空拍俯視,North_Park__San_Diego__California__Sunset_Drone_Photography.jpg,SIFT,65025.0,0.0,500.0,0.0
空拍俯視,North_Park__San_Diego__California__Sunset_Drone_Photography.jpg,ORB,1263.4193115234375,0.602759973168289,196.33452104635538,-0.9621033202769483
空拍俯視,North_Park__San_Diego__California__Sunset_Drone_Photography.jpg,LoFTR,761.2642211914062,0.7436891075010988,302.81401964037866,0.5694192642623993
空拍俯視,Oceanside-Pier-San-Diego-Drone-Photography.jpg,SIFT,195.3078155517578,0.9802198658940553,2.5001420003866754,0.9989047946036054
空拍俯視,Oceanside-Pier-San-Diego-Drone-Photography.jpg,ORB,2495.9716796875,0.9025795377456515,35.26013917942202,0.7084865435050768
空拍俯視,Oceanside-Pier-San-Diego-Drone-Photography.jpg,LoFTR,1282.3975830078125,0.8715214563010648,15.887803590269472,0.9768611660723744
空拍俯視,Paiyun_Lodge_(Aerial_Photography)_original.jpg,SIFT,30.652191162109375,0.9869351016222269,0.9904097462212036,0.9959322139235832
空拍俯視,Paiyun_Lodge_(Aerial_Photography)_original.jpg,ORB,1624.1756591796875,0.6961805892474952,26.314052964611427,0.028074178540798758
空拍俯視,Paiyun_Lodge_(Aerial_Photography)_original.jpg,LoFTR,163.9302520751953,0.88962744264392,0.40184226931566336,0.9999478873089213
空拍俯視,Pigeon_Camera_-_Flickr_-_The_Central_Intelligence_Agency.jpg,SIFT,126.34371948242188,0.9784829988920424,1.3279910870823812,0.9998174665716135
空拍俯視,Pigeon_Camera_-_Flickr_-_The_Central_Intelligence_Agency.jpg,ORB,212.56813049316406,0.9726698649075041,2.12319775505704,0.9996518384965162
空拍俯視,Pigeon_Camera_-_Flickr_-_The_Central_Intelligence_Agency.jpg,LoFTR,122.7821273803711,0.9808986635526196,1.8142086895125193,0.9998606036644296
空拍俯視,Pigeon_photography-1.jpg,SIFT,4.962410926818848,0.9958425718459301,1.0391559552796006,0.9999642508329938
空拍俯視,Pigeon_photography-1.jpg,ORB,283.7830810546875,0.9105009841797319,7.193979148405136,0.9980499298290263
空拍俯視,Pigeon_photography-1.jpg,LoFTR,37.22038269042969,0.988317874146735,0.024905260069256877,0.9999999777035351
空拍俯視,Pigeon_photography-2.jpg,SIFT,74.43614196777344,0.9835462610274481,2.2164479669141186,0.9999072088379102
空拍俯視,Pigeon_photography-2.jpg,ORB,190.01803588867188,0.9706388748886892,3.6125870651616525,0.9990844957401072
空拍俯視,Pigeon_photography-2.jpg,LoFTR,136.6097412109375,0.9708619180818364,1.361989802217098,0.9999624936501118
空拍俯視,Pleinfeld__Germany.jpg,SIFT,32.59526443481445,0.9923607342750157,0.44638322753829635,0.9999231460423654
空拍俯視,Pleinfeld__Germany.jpg,ORB,171.2075958251953,0.9550265853120862,1.699176456294701,0.9988579434185152
空拍俯視,Pleinfeld__Germany.jpg,LoFTR,56.246971130371094,0.98611842242795,0.3745437160114374,0.9999464292909557
空拍俯視,Summit_Camp_Greenland__overview__aerial_photography.jpg,SIFT,65025.0,0.0,500.0,0.0
空拍俯視,Summit_Camp_Greenland__overview__aerial_photography.jpg,ORB,25826.841796875,0.41015755180860447,618.735523976531,-0.35027275116291967
空拍俯視,Summit_Camp_Greenland__overview__aerial_photography.jpg,LoFTR,25823.306640625,0.4616350127400343,1319.7416009730393,-0.9097061202645272
自然風景,Wind_Mountain_Columbia_R_-_NARA_-_102278851_(page_1).png,SIFT,20.606760025024414,0.9903296456889409,3.299074265310501,0.9988002630024769
自然風景,Wind_Mountain_Columbia_R_-_NARA_-_102278851_(page_1).png,ORB,118.50857543945312,0.9491615384225436,5.883209696396507,0.9961445432571707
自然風景,Wind_Mountain_Columbia_R_-_NARA_-_102278851_(page_1).png,LoFTR,46.100921630859375,0.983466223350531,0.2194917647639379,0.9999937869580536
自然風景,Albert_Bierstadt_-_Rocky_Mountain_Landscape_-_Google_Art_Project.jpg,SIFT,42.200565338134766,0.9252683914841813,11.838203670473394,0.998895032534051
自然風景,Albert_Bierstadt_-_Rocky_Mountain_Landscape_-_Google_Art_Project.jpg,ORB,637.268798828125,0.7088313194001643,105.70555920815427,0.93980001992816
自然風景,Albert_Bierstadt_-_Rocky_Mountain_Landscape_-_Google_Art_Project.jpg,LoFTR,64.60053253173828,0.9828131850029788,0.38658341698509735,0.9999980394852285
自然風景,Barn_on_Mastlé_mountain_Gherdëina.jpg,SIFT,136.7164764404297,0.9110619883172558,43.00523589273595,0.9725082817440622
自然風景,Barn_on_Mastlé_mountain_Gherdëina.jpg,ORB,287.783203125,0.9283150853958771,44.08371499590012,0.9272237572350996
自然風景,Barn_on_Mastlé_mountain_Gherdëina.jpg,LoFTR,75.33513641357422,0.980386085369902,1.8219533795418685,0.999929403322741
自然風景,Blue_Mountains_National_Park_(AU)__Three_Sisters_--_2019_--_1987-9.jpg,SIFT,6.174150466918945,0.9971191462386799,0.16037610568275618,0.9999987464104337
自然風景,Blue_Mountains_National_Park_(AU)__Three_Sisters_--_2019_--_1987-9.jpg,ORB,187.26962280273438,0.950418347577581,1.4462851503869845,0.9999963844668464
自然風景,Blue_Mountains_National_Park_(AU)__Three_Sisters_--_2019_--_1987-9.jpg,LoFTR,115.43705749511719,0.9827780975023593,0.8772439295628773,0.9999878965820157
自然風景,Carl_Spitzweg_(1808-1885)_-_Mountain_Landscape_-_WA1954.70.164_-_Ashmolean_Museum.jpg,SIFT,1017.1408081054688,0.4939492482089813,859.9524079588623,-0.13778722506822774
自然風景,Carl_Spitzweg_(1808-1885)_-_Mountain_Landscape_-_WA1954.70.164_-_Ashmolean_Museum.jpg,ORB,1038.1524658203125,0.6261580195227388,190.52162162265876,0.17231965893011986
自然風景,Carl_Spitzweg_(1808-1885)_-_Mountain_Landscape_-_WA1954.70.164_-_Ashmolean_Museum.jpg,LoFTR,52.54387664794922,0.9846259041267971,0.07549072844492223,0.999999818191539
自然風景,Castle_Mountain.jpg,SIFT,106.79739379882812,0.9447515425370844,6.778410935690679,0.9830519151680613
自然風景,Castle_Mountain.jpg,ORB,555.6781005859375,0.8496082079303564,63.25525629053169,-0.7591175137188044
自然風景,Castle_Mountain.jpg,LoFTR,184.20849609375,0.9137868092503663,15.433358906401148,0.8850884347640469
自然風景,Catoctin_Mountain_and_farm_MD1.jpg,SIFT,4.7959723472595215,0.9829530237402704,7.80561467004828,0.99550464130292
自然風景,Catoctin_Mountain_and_farm_MD1.jpg,ORB,172.3680877685547,0.8809893142233514,35.86106675040263,0.9041937975762416
自然風景,Catoctin_Mountain_and_farm_MD1.jpg,LoFTR,113.95596313476562,0.977877932467086,1.2308964960895477,0.9999752048474926
自然風景,Cheops_Mountain_seen_the_Sir_Donald_Trail.jpg,SIFT,0.4291713833808899,0.9983704940788124,0.7038367437721692,0.99997826750537
自然風景,Cheops_Mountain_seen_the_Sir_Donald_Trail.jpg,ORB,42.70429992675781,0.943810248152927,4.652749346540365,0.9988906308153371
自然風景,Cheops_Mountain_seen_the_Sir_Donald_Trail.jpg,LoFTR,47.2095832824707,0.9179390765191368,3.583429467906097,0.9999322950769155
自然風景,Field__corn__Liechtenstein__Mountains__Alps__Vaduz__sky__clouds__landscape.jpg,SIFT,65025.0,0.0,500.0,0.0
自然風景,Field__corn__Liechtenstein__Mountains__Alps__Vaduz__sky__clouds__landscape.jpg,ORB,837.3582763671875,0.7369999208063369,185.71946624442475,0.9230614263692444
自然風景,Field__corn__Liechtenstein__Mountains__Alps__Vaduz__sky__clouds__landscape.jpg,LoFTR,143.43223571777344,0.9589567453175407,13.465201002551671,0.999679530714464
自然風景,Francisque_Millet_-_Mountain_landscape_with_lightning_(c.1675).jpg,SIFT,65025.0,0.0,500.0,0.0
自然風景,Francisque_Millet_-_Mountain_landscape_with_lightning_(c.1675).jpg,ORB,22.615753173828125,0.9831069640566921,1.334974696669491,0.8719783133416379
自然風景,Francisque_Millet_-_Mountain_landscape_with_lightning_(c.1675).jpg,LoFTR,13.564950942993164,0.9886555131134094,0.4523722021000631,0.9948051828559485
自然風景,Francisque_Millet_-_mountain_landscape_with_lightning.JPG,SIFT,13.71536922454834,0.9944655733182699,0.8774437105896752,0.9999626009812429
自然風景,Francisque_Millet_-_mountain_landscape_with_lightning.JPG,ORB,135.0713348388672,0.976451152305491,1.2325373451491772,0.9999530644849577
自然風景,Francisque_Millet_-_mountain_landscape_with_lightning.JPG,LoFTR,109.00822448730469,0.9854467167149918,0.2228116883669617,0.9999964705702646
自然風景,George_Shaw_(1843-1915)_-_Mountain_Landscape_-_1392_-_North_Down_Museum.jpg,SIFT,1052.8548583984375,0.7214729931976233,817.1330478456302,-0.6736168768985223
自然風景,George_Shaw_(1843-1915)_-_Mountain_Landscape_-_1392_-_North_Down_Museum.jpg,ORB,2478.90625,0.5241418356717008,297.820514335241,-0.7944469226798763
自然風景,George_Shaw_(1843-1915)_-_Mountain_Landscape_-_1392_-_North_Down_Museum.jpg,LoFTR,40.54126739501953,0.9792713214613885,0.4998862194539492,0.9999997354440688
自然風景,George_Shaw_(1843-1915)_-_Mountain_Landscape_-_1400_-_North_Down_Museum.jpg,SIFT,65025.0,0.0,500.0,0.0
自然風景,George_Shaw_(1843-1915)_-_Mountain_Landscape_-_1400_-_North_Down_Museum.jpg,ORB,483.7568664550781,0.6016847411065026,73.20978578361564,-0.6589077353411683
自然風景,George_Shaw_(1843-1915)_-_Mountain_Landscape_-_1400_-_North_Down_Museum.jpg,LoFTR,467.0350036621094,0.33349444318823973,473.388762579462,-0.47453728987994626
自然風景,Ingushetia__Russia__Armkhi__Ingush_tower.jpg,SIFT,284.9111633300781,0.9720928767209382,5.493264031303882,0.9970806618311499
自然風景,Ingushetia__Russia__Armkhi__Ingush_tower.jpg,ORB,2804.319091796875,0.7800606343693091,41.589328005738814,0.8918305546062656
自然風景,Ingushetia__Russia__Armkhi__Ingush_tower.jpg,LoFTR,136.08242797851562,0.974267768273481,1.3223076922541293,0.9998375135036881
自然風景,Jacob_Pynas_-_Mountain_Landscape_with_Narcissus_(1628).jpg,SIFT,1.581758737564087,0.9975814131352178,0.24109546832340323,0.9999912232116427
自然風景,Jacob_Pynas_-_Mountain_Landscape_with_Narcissus_(1628).jpg,ORB,59.34027862548828,0.9827334630574397,0.49695803564667035,0.999964070294535
自然風景,Jacob_Pynas_-_Mountain_Landscape_with_Narcissus_(1628).jpg,LoFTR,55.704280853271484,0.9865319038623291,0.11010120755173201,0.999998540746618
自然風景,Julius_Caesar_Ibbetson_(1759-1817)_-_Mountain_Landscape_-_VIS.2219_-_Sheffield_Galleries_and_Museums_Trust.jpg,SIFT,52.58153533935547,0.9320141542397804,2.672324433832356,0.9996903087881969
自然風景,Julius_Caesar_Ibbetson_(1759-1817)_-_Mountain_Landscape_-_VIS.2219_-_Sheffield_Galleries_and_Museums_Trust.jpg,ORB,1643.8341064453125,0.46550007804129656,397.95395501090076,0.952164744502813
自然風景,Julius_Caesar_Ibbetson_(1759-1817)_-_Mountain_Landscape_-_VIS.2219_-_Sheffield_Galleries_and_Museums_Trust.jpg,LoFTR,147.17794799804688,0.9740198812901776,0.42719223530917216,0.9999959365407892
自然風景,Landscape_Arnisee-region.JPG,SIFT,5.913300037384033,0.9946013124271594,0.4914310721231435,0.9997964300232505
自然風景,Landscape_Arnisee-region.JPG,ORB,67.78683471679688,0.9675840718044387,1.2297013553857155,0.9988501757087013
自然風景,Landscape_Arnisee-region.JPG,LoFTR,59.833656311035156,0.9769117993851909,1.2783767387295442,0.9990754533681074
自然風景,Landscape_in_Peyriac-de-Mer__february_2018_(05).jpg,SIFT,1.7545411586761475,0.996395198552973,2.487951531661007,0.99996514719563
自然風景,Landscape_in_Peyriac-de-Mer__february_2018_(05).jpg,ORB,31.73712730407715,0.9551765264117316,42.2503290289554,0.9759238312333204
自然風景,Landscape_in_Peyriac-de-Mer__february_2018_(05).jpg,LoFTR,7.3687424659729,0.983571304099764,1.8399814951493831,0.9998832634172697
自然風景,Landscape_of_Luang_Prabang_with_a_temporary_wooden_footbridge.jpg,SIFT,4.461857795715332,0.989134848043983,3.305797513733206,0.999965809646612
自然風景,Landscape_of_Luang_Prabang_with_a_temporary_wooden_footbridge.jpg,ORB,56.30343246459961,0.9744252030219547,0.6669271736294871,0.9999859826877006
自然風景,Landscape_of_Luang_Prabang_with_a_temporary_wooden_footbridge.jpg,LoFTR,52.81550979614258,0.9820290137644435,1.5794239943684567,0.9999992130025801
自然風景,Landscape_of_the_mountains_in_Bhutan.jpg,SIFT,54.7581787109375,0.9882194653573766,0.28571307257543854,0.9999920881579158
自然風景,Landscape_of_the_mountains_in_Bhutan.jpg,ORB,1122.5584716796875,0.8366756595820422,0.5951006166916932,0.9999320856994073
自然風景,Landscape_of_the_mountains_in_Bhutan.jpg,LoFTR,460.9703369140625,0.932610223267086,5.688547831660522,0.9996588740036373
自然風景,Landscape_with_mountains__green_paddy_fields_and_bamboo_footbridge__in_the_evening__in_Vang_Vieng.jpg,SIFT,20.92387580871582,0.9941391260750981,0.6450151398169737,0.9999799063330054
自然風景,Landscape_with_mountains__green_paddy_fields_and_bamboo_footbridge__in_the_evening__in_Vang_Vieng.jpg,ORB,161.4127197265625,0.9670918959244837,2.4085551754699055,0.9997400090518938
自然風景,Landscape_with_mountains__green_paddy_fields_and_bamboo_footbridge__in_the_evening__in_Vang_Vieng.jpg,LoFTR,114.9639663696289,0.9752575072186486,1.8238536842935464,0.9998690890157877
自然風景,Mountain_Landscape_Doré.jpg,SIFT,65025.0,0.0,500.0,0.0
自然風景,Mountain_Landscape_Doré.jpg,ORB,221.57481384277344,0.7085313964400214,239.17657551564267,0.5413669226957964
自然風景,Mountain_Landscape_Doré.jpg,LoFTR,189.48829650878906,0.9643593089722654,1.9199331914119369,0.9994764482522547
自然風景,Mountain_Landscape_de_Momper.jpg,SIFT,84.94924926757812,0.9799885299559902,1.3450877348423258,0.9979965748052423
自然風景,Mountain_Landscape_de_Momper.jpg,ORB,103.50225830078125,0.9700275496438806,1.5706291264923626,0.9998443489396499
自然風景,Mountain_Landscape_de_Momper.jpg,LoFTR,57.41950607299805,0.9855420202910893,0.22132739000811935,0.9999462706451678
自然風景,Mountain_Peak__Alaska_(1999).jpg,SIFT,1449.935546875,0.3859163530810226,538.0240991753158,0.9975296706241583
自然風景,Mountain_Peak__Alaska_(1999).jpg,ORB,1222.068603515625,0.5017442768731627,209.33445492633155,0.7451944193588661
自然風景,Mountain_Peak__Alaska_(1999).jpg,LoFTR,1099.5025634765625,0.5106925741529735,1201.995206056438,0.9814334117782568
自然風景,Mountain_and_tundra_landscape_in_Ivvavik_National_Park__YT.jpg,SIFT,65025.0,0.0,500.0,0.0
自然風景,Mountain_and_tundra_landscape_in_Ivvavik_National_Park__YT.jpg,ORB,841.1386108398438,0.5387011521748674,26.91296673004112,0.27507541518897527
自然風景,Mountain_and_tundra_landscape_in_Ivvavik_National_Park__YT.jpg,LoFTR,303.63409423828125,0.7516949946692553,563.7207092064665,0.93131860639608
自然風景,Mountain_landscape__Ergaki__Sayan_Mountains__Siberia.jpg,SIFT,1361.040771484375,0.5178041838883518,940.8846517524864,0.40691137929867177
自然風景,Mountain_landscape__Ergaki__Sayan_Mountains__Siberia.jpg,ORB,3207.4482421875,0.18309098175135372,1135.5681164101238,0.6211129933885969
自然風景,Mountain_landscape__Ergaki__Sayan_Mountains__Siberia.jpg,LoFTR,2622.15625,0.39248150975055507,522.9189907981903,-0.23985031926507228
自然風景,Mountain_landscape__Glacial_troughs__Ergaki__Sayan_Mountains__Siberia.jpg,SIFT,1.2318894863128662,0.9951272179551848,0.7460756445175966,0.9999994162831648
自然風景,Mountain_landscape__Glacial_troughs__Ergaki__Sayan_Mountains__Siberia.jpg,ORB,165.7434539794922,0.8038065397545731,8.848027165723419,0.9996422996055018
自然風景,Mountain_landscape__Glacial_troughs__Ergaki__Sayan_Mountains__Siberia.jpg,LoFTR,67.38420867919922,0.949534610758411,3.920536085437217,0.9993662784424953
自然風景,Mountain_landscape__Weathering_and_erosion__Ergaki__Sayan_Mountains__Siberia.jpg,SIFT,65025.0,0.0,500.0,0.0
自然風景,Mountain_landscape__Weathering_and_erosion__Ergaki__Sayan_Mountains__Siberia.jpg,ORB,9948.1435546875,0.04612111554222308,212.58213124880558,-0.8270387658283513
自然風景,Mountain_landscape__Weathering_and_erosion__Ergaki__Sayan_Mountains__Siberia.jpg,LoFTR,56.152286529541016,0.978534595570089,7.9716300610131645,0.9987644602194816
自然風景,Mountain_landscape__Weathering_and_erosion_in_glacial_valley__Ergaki__Sayan_Mountains__Siberia.jpg,SIFT,1.236898422241211,0.9943451625560183,1.4323855385634858,0.9999093086865086
自然風景,Mountain_landscape__Weathering_and_erosion_in_glacial_valley__Ergaki__Sayan_Mountains__Siberia.jpg,ORB,133.7152557373047,0.9289432448022453,10.931662646800358,0.9999828655082268
自然風景,Mountain_landscape__Weathering_and_erosion_in_glacial_valley__Ergaki__Sayan_Mountains__Siberia.jpg,LoFTR,107.76602172851562,0.9528574715737654,9.11625440187505,0.9976319974396303
自然風景,Mountain_landscape__Weathering_in_valley__Ergaki__Sayan_Mountains__Siberia.jpg,SIFT,17.21226692199707,0.9935473104081041,0.6466243910958378,0.999991736350287
自然風景,Mountain_landscape__Weathering_in_valley__Ergaki__Sayan_Mountains__Siberia.jpg,ORB,349.5660705566406,0.8926518935287214,1.8586149482377554,0.9999965323976064
自然風景,Mountain_landscape__Weathering_in_valley__Ergaki__Sayan_Mountains__Siberia.jpg,LoFTR,112.18521118164062,0.979852769438879,1.2626147381238533,0.9999468687468833
自然風景,Mountain_landscape_in_Khan_Tengri_Nature_Park__Tien_Shan_-_Aerial_View.jpg,SIFT,3.791607141494751,0.997186540397549,0.17361044748443222,0.9999974266755728
自然風景,Mountain_landscape_in_Khan_Tengri_Nature_Park__Tien_Shan_-_Aerial_View.jpg,ORB,444.8543395996094,0.833624922175275,4.620422965101961,0.9999125619203406
自然風景,Mountain_landscape_in_Khan_Tengri_Nature_Park__Tien_Shan_-_Aerial_View.jpg,LoFTR,76.11160278320312,0.9844702902865936,0.7906889824900584,0.9999964500283032
自然風景,Mountain_landscape_in_kerala.jpg,SIFT,278.6067810058594,0.9743792352304342,7.869491910286041,0.974114620690363
自然風景,Mountain_landscape_in_kerala.jpg,ORB,208.53457641601562,0.9693548464058142,1.875664264241604,0.9994906807004775
自然風景,Mountain_landscape_in_kerala.jpg,LoFTR,93.29090881347656,0.9810717253822655,1.075898456318988,0.999528236067155
自然風景,Mountain_landscape_near_the_Abudelauri_Lakes__Dusheti_Municipality.jpg,SIFT,7.018738746643066,0.996292576109542,0.39080061499801605,0.9999981496946144
自然風景,Mountain_landscape_near_the_Abudelauri_Lakes__Dusheti_Municipality.jpg,ORB,240.4697723388672,0.9593103760655031,2.2403035104966746,0.9999879065936883
自然風景,Mountain_landscape_near_the_Abudelauri_Lakes__Dusheti_Municipality.jpg,LoFTR,129.39773559570312,0.9855670312627633,0.10436890369029932,0.9999999290350869
自然風景,Mountain_massif_of_Fjølhaugen_at_Knutevika_in_Senja__Troms__Norway__2015_September.jpg,SIFT,6.622517108917236,0.9930790570930502,0.44775192851442897,0.9999960960723732
自然風景,Mountain_massif_of_Fjølhaugen_at_Knutevika_in_Senja__Troms__Norway__2015_September.jpg,ORB,109.79594421386719,0.9682130123315063,0.48712384712464113,0.999992841276245
自然風景,Mountain_massif_of_Fjølhaugen_at_Knutevika_in_Senja__Troms__Norway__2015_September.jpg,LoFTR,437.3791198730469,0.7882076156721814,4.77870463046379,0.9968068956467317
自然風景,Mountains_in_snow__Mountain_lake__Chola_Valley__Nepal__Himalayas.jpg,SIFT,0.6673779487609863,0.9990801077242163,0.18475235235812332,0.9999941028899038
自然風景,Mountains_in_snow__Mountain_lake__Chola_Valley__Nepal__Himalayas.jpg,ORB,100.01124572753906,0.9793963640997658,1.0219320926545217,0.9997333905338387
自然風景,Mountains_in_snow__Mountain_lake__Chola_Valley__Nepal__Himalayas.jpg,LoFTR,118.94180297851562,0.9611732900600224,4.207618304999414,0.9941930715463079
自然風景,Nuluujaak_Mountain.jpg,SIFT,613.988525390625,0.93907932064797,8.963155035090914,0.9709656023139536
自然風景,Nuluujaak_Mountain.jpg,ORB,2279.021728515625,0.802027425703105,19.65343641676556,0.9854542136263779
自然風景,Nuluujaak_Mountain.jpg,LoFTR,15472.705078125,0.5211729457310912,422.44151374512006,0.6803783715551819
自然風景,Paul_Bril_-_Mountain_Scene_-_WGA3197.jpg,SIFT,79.97051239013672,0.9803426925892437,2.2089461051042654,0.9999593752344706
自然風景,Paul_Bril_-_Mountain_Scene_-_WGA3197.jpg,ORB,386.5163269042969,0.9308954544396868,9.568806251881238,0.9999916466398767
自然風景,Paul_Bril_-_Mountain_Scene_-_WGA3197.jpg,LoFTR,85.35230255126953,0.9849042969895206,0.30340133753556026,0.9999964731436739
自然風景,Paul_Bril_002.jpg,SIFT,3.074174404144287,0.9974453405103656,0.031966217457175136,0.9999999728341452
自然風景,Paul_Bril_002.jpg,ORB,471.8770446777344,0.7970386124161879,2.5554246299904784,0.9999986246345018
自然風景,Paul_Bril_002.jpg,LoFTR,28.892314910888672,0.9877639677779285,0.266251281768836,0.9999965273363909
自然風景,Semi-desert_landscape_in_the_mountains_of_Russian_Altai.jpg,SIFT,8376.8916015625,0.7992504530639877,76.4814006189247,0.9221684125094852
自然風景,Semi-desert_landscape_in_the_mountains_of_Russian_Altai.jpg,ORB,21962.576171875,0.5691455057063661,262.384223445548,0.7903614871615754
自然風景,Semi-desert_landscape_in_the_mountains_of_Russian_Altai.jpg,LoFTR,13196.478515625,0.6413421468280388,406.69931388486344,-0.7213796525237384
自然風景,Sheep_Slot_Rapids_and_mountain_landscape__Ivvavik_National_Park__YT.jpg,SIFT,3.3489465713500977,0.9971590122777129,0.2296147522012329,0.9999575238273102
自然風景,Sheep_Slot_Rapids_and_mountain_landscape__Ivvavik_National_Park__YT.jpg,ORB,109.90592193603516,0.9424839663836099,0.25468454859655704,0.9999613824744927
自然風景,Sheep_Slot_Rapids_and_mountain_landscape__Ivvavik_National_Park__YT.jpg,LoFTR,48.67573165893555,0.9816439810283415,0.5836300357070993,0.9997858089728141
自然風景,Sunlight_and_stormy_sky_over_the_mountains_and_paddy_fields_in_Vang_Vieng__Laos.jpg,SIFT,38.27281951904297,0.9875014889639111,2.0322263615212703,0.9999087910794482
自然風景,Sunlight_and_stormy_sky_over_the_mountains_and_paddy_fields_in_Vang_Vieng__Laos.jpg,ORB,595.0444946289062,0.9137103761778147,14.888282456604308,0.9956743297207831
自然風景,Sunlight_and_stormy_sky_over_the_mountains_and_paddy_fields_in_Vang_Vieng__Laos.jpg,LoFTR,200.64736938476562,0.9451382128378103,3.7290515897942944,0.9995821227728223
自然風景,Thomas_Stuart_Smith_(1813-1814-1869)_-_Mountain_Landscape_-_18002.073_-_Stirling_Smith_Museum_and_Art_Gallery.jpg,SIFT,65025.0,0.0,500.0,0.0
自然風景,Thomas_Stuart_Smith_(1813-1814-1869)_-_Mountain_Landscape_-_18002.073_-_Stirling_Smith_Museum_and_Art_Gallery.jpg,ORB,55986.23046875,0.00016549921819156968,110.39907767579645,0.13248661281282612
自然風景,Thomas_Stuart_Smith_(1813-1814-1869)_-_Mountain_Landscape_-_18002.073_-_Stirling_Smith_Museum_and_Art_Gallery.jpg,LoFTR,66.6092300415039,0.9853342263460252,0.7306556558825087,0.9999965753558933
自然風景,Unknown_(Chinese)_-_Mountain_Landscape_-_61.252_-_Detroit_Institute_of_Arts.jpg,SIFT,65025.0,0.0,500.0,0.0
自然風景,Unknown_(Chinese)_-_Mountain_Landscape_-_61.252_-_Detroit_Institute_of_Arts.jpg,ORB,15558.361328125,0.23198842516530846,572.5526694542643,0.97386340742541
自然風景,Unknown_(Chinese)_-_Mountain_Landscape_-_61.252_-_Detroit_Institute_of_Arts.jpg,LoFTR,195.8047637939453,0.9763010957830961,0.22728946864659622,0.9999965076015235
自然風景,Unknown_(Flemish)_-_Mountain_Landscape_-_38.82_-_Detroit_Institute_of_Arts.jpg,SIFT,3.883823871612549,0.9979267600925733,0.24747921562355754,0.9999997516355026
自然風景,Unknown_(Flemish)_-_Mountain_Landscape_-_38.82_-_Detroit_Institute_of_Arts.jpg,ORB,207.7526092529297,0.9600701386924609,0.9831754796556617,0.9999607601814549
自然風景,Unknown_(Flemish)_-_Mountain_Landscape_-_38.82_-_Detroit_Institute_of_Arts.jpg,LoFTR,65.1715087890625,0.9858047108046358,0.32697530204953223,0.9999942783617931
自然風景,Utah_Dunes_Landscape_-_West_Desert_District.jpg,SIFT,138.97586059570312,0.9898434172421561,3.126331697755288,0.9995399851045288
自然風景,Utah_Dunes_Landscape_-_West_Desert_District.jpg,ORB,1676.286865234375,0.9066522836361738,6.5256064815294454,0.9967730309430716
自然風景,Utah_Dunes_Landscape_-_West_Desert_District.jpg,LoFTR,499.25311279296875,0.9598758186407291,4.102305470282983,0.9998299149967569
自然風景,View_West_of_Hartz_Mountain.jpg,SIFT,22.049781799316406,0.9849044680446638,1.0749378440067203,0.9998108782322279
自然風景,View_West_of_Hartz_Mountain.jpg,ORB,513.1708984375,0.8784113632865654,2.8053843767775426,0.9971654148565134
自然風景,View_West_of_Hartz_Mountain.jpg,LoFTR,204.48492431640625,0.9359217027158194,1.0019489449627235,0.9998549107208318
自然風景,Water_reflection_of_karst_mountains_at_golden_hour_in_Vang_Vieng_Laos_(panoramic).jpg,SIFT,45.038814544677734,0.990915960368963,1.11839306154174,0.9999142008649913
自然風景,Water_reflection_of_karst_mountains_at_golden_hour_in_Vang_Vieng_Laos_(panoramic).jpg,ORB,413.9435119628906,0.9497255224214568,4.402407406968372,0.9983460719145365
自然風景,Water_reflection_of_karst_mountains_at_golden_hour_in_Vang_Vieng_Laos_(panoramic).jpg,LoFTR,511.38818359375,0.9382599466805795,6.162621032167583,0.9967510003472704
自然風景,Water_reflection_of_the_mountains_of_Vang_Vieng_with_crepuscular_rays.jpg,SIFT,65025.0,0.0,500.0,0.0
自然風景,Water_reflection_of_the_mountains_of_Vang_Vieng_with_crepuscular_rays.jpg,ORB,706.3575439453125,0.5349169056069636,109.12497258362306,0.9946705819152359
自然風景,Water_reflection_of_the_mountains_of_Vang_Vieng_with_crepuscular_rays.jpg,LoFTR,993.1820678710938,0.5750541493922096,100.36359122385701,0.9870158027950807
自然風景,Zagedan_Lakes__Mountain_cirque__Caucasus_Mountains.jpg,SIFT,3.0696194171905518,0.997996502013003,0.2140482443717997,0.9999987509294641
自然風景,Zagedan_Lakes__Mountain_cirque__Caucasus_Mountains.jpg,ORB,192.01828002929688,0.9638366314036735,1.6088253352446438,0.9998947454813322
自然風景,Zagedan_Lakes__Mountain_cirque__Caucasus_Mountains.jpg,LoFTR,242.2082977294922,0.9486514933213778,1.4849800050555193,0.9999917978719787
自然風景,Zagedan_Ridge__Zagedan_Valley__Caucasus_Mountains__Karachay-Cherkessia.jpg,SIFT,1.2590693235397339,0.9975025315031661,0.4403697927569091,0.9997938720656688
自然風景,Zagedan_Ridge__Zagedan_Valley__Caucasus_Mountains__Karachay-Cherkessia.jpg,ORB,187.12452697753906,0.9538470548494975,1.3499352584638369,0.9994059241218204
自然風景,Zagedan_Ridge__Zagedan_Valley__Caucasus_Mountains__Karachay-Cherkessia.jpg,LoFTR,91.39250183105469,0.9779160669728896,0.8963780536705686,0.9993597426538069
自然風景,Anthony_Vandyke_Copley_Fielding_(1787-1855)_-_Mountain_Landscape_-_1408-1869_-_Victoria_and_Albert_Museum.jpg,SIFT,15.756869316101074,0.9612032042332292,6.099261902753127,0.997814939159943
自然風景,Anthony_Vandyke_Copley_Fielding_(1787-1855)_-_Mountain_Landscape_-_1408-1869_-_Victoria_and_Albert_Museum.jpg,ORB,1182.331787109375,0.5231624718142489,291.1251912717971,0.13395655900606213
自然風景,Anthony_Vandyke_Copley_Fielding_(1787-1855)_-_Mountain_Landscape_-_1408-1869_-_Victoria_and_Albert_Museum.jpg,LoFTR,85.08514404296875,0.9805453706902473,0.15611299978938759,0.9999984453632234
自然風景,Balancing_rock__Atsgara_Valley__Mount_Zagedan__Caucasus_Mountains.jpg,SIFT,6.411281585693359,0.9926780653254874,0.41493549705155164,0.9999912065808998
自然風景,Balancing_rock__Atsgara_Valley__Mount_Zagedan__Caucasus_Mountains.jpg,ORB,64.01399230957031,0.926103197066781,2.196648118776499,0.9998426335104055
自然風景,Balancing_rock__Atsgara_Valley__Mount_Zagedan__Caucasus_Mountains.jpg,LoFTR,8.219557762145996,0.9911140850196811,1.2420673691792612,0.9999185677481636
自然風景,Benjamin_Haughton_(1865-1924)_-_Mountain_Landscape_-_1973-228_-_Portsmouth_Museums_and_Visitor_Services.jpg,SIFT,2.8253090381622314,0.9980661956468954,0.2580313406627105,0.9999381330804618
自然風景,Benjamin_Haughton_(1865-1924)_-_Mountain_Landscape_-_1973-228_-_Portsmouth_Museums_and_Visitor_Services.jpg,ORB,126.07733917236328,0.9698575394666646,0.3998769459166412,0.9999559580148419
自然風景,Benjamin_Haughton_(1865-1924)_-_Mountain_Landscape_-_1973-228_-_Portsmouth_Museums_and_Visitor_Services.jpg,LoFTR,71.4878921508789,0.9811153744383866,0.46203427502837313,0.9997501792599431
自然風景,Bolshoy_Tkhach__Adygea__Большой_Тхач__куэста__Адыгея.jpg,SIFT,320.35736083984375,0.9682225344180929,0.8559474598157433,0.9999935684888211
自然風景,Bolshoy_Tkhach__Adygea__Большой_Тхач__куэста__Адыгея.jpg,ORB,1547.330810546875,0.8463048174942702,25.548227170661164,0.9855088483087826
自然風景,Bolshoy_Tkhach__Adygea__Большой_Тхач__куэста__Адыгея.jpg,LoFTR,107.25328826904297,0.9762747667647864,1.2982993675588226,0.9998883372055324
自然風景,Cuilcagh_Mountain_Cairn_and_Landscape_(geograph_2038072).jpg,SIFT,234.4862823486328,0.9515282567170869,2.3803837620585773,0.9997257419058547
自然風景,Cuilcagh_Mountain_Cairn_and_Landscape_(geograph_2038072).jpg,ORB,396.2831726074219,0.9508209825007855,9.336537107725865,0.9957838614422515
自然風景,Cuilcagh_Mountain_Cairn_and_Landscape_(geograph_2038072).jpg,LoFTR,234.0615692138672,0.9745393060221423,7.668276132458505,0.9971943910612961
自然風景,Edward_Hargitt_(1835-1895)_-_Mountain_Landscape_-_3119_-_Glasgow_Museums_Resource_Centre.jpg,SIFT,2050.6640625,0.7080224813413102,191.5210964042507,0.4442166182991838
自然風景,Edward_Hargitt_(1835-1895)_-_Mountain_Landscape_-_3119_-_Glasgow_Museums_Resource_Centre.jpg,ORB,1582.411376953125,0.7635259182920018,65.14470546819085,-0.22295230971948127
自然風景,Edward_Hargitt_(1835-1895)_-_Mountain_Landscape_-_3119_-_Glasgow_Museums_Resource_Centre.jpg,LoFTR,148.58192443847656,0.9470443277032159,8.92785207281938,0.9429858297123873
自然風景,Fantastic_Mountain_Landscape_-_Tobias_Verhaecht.jpg,SIFT,0.4950000047683716,0.9981219051959939,0.17126725298344042,0.9999992500508238
自然風景,Fantastic_Mountain_Landscape_-_Tobias_Verhaecht.jpg,ORB,146.74209594726562,0.9744541337222414,2.4329982660345384,0.9998984362913224
自然風景,Fantastic_Mountain_Landscape_-_Tobias_Verhaecht.jpg,LoFTR,144.99398803710938,0.9800791282855796,0.23883577596866495,0.9999995350824399
自然風景,Front_view_of_a_stream_with_a_tree_as_vanishing_point__mountains_and_mist_in_the_countryside_of_Vang_Vieng.jpg,SIFT,52.82398223876953,0.9579206359693475,9.383464901417838,0.9903963489207093
自然風景,Front_view_of_a_stream_with_a_tree_as_vanishing_point__mountains_and_mist_in_the_countryside_of_Vang_Vieng.jpg,ORB,102.53704833984375,0.946912439452927,7.314444382491682,0.9941414645809231
自然風景,Front_view_of_a_stream_with_a_tree_as_vanishing_point__mountains_and_mist_in_the_countryside_of_Vang_Vieng.jpg,LoFTR,1345.6929931640625,0.4752340586906048,8252.483283476187,-0.7265994046906392
自然風景,George_Frederic_Watts_(1817-1904)_-_Mountain_Landscape_-_1939.32.2_-_The_Tullie.jpg,SIFT,1.3799737691879272,0.9938036042161007,1.8813725771046965,0.9998619190835145
自然風景,George_Frederic_Watts_(1817-1904)_-_Mountain_Landscape_-_1939.32.2_-_The_Tullie.jpg,ORB,299.2117919921875,0.8798762596282084,12.459994107380792,0.9999984543261865
自然風景,George_Frederic_Watts_(1817-1904)_-_Mountain_Landscape_-_1939.32.2_-_The_Tullie.jpg,LoFTR,83.24983978271484,0.9754282393480134,0.7602824258549353,0.999999871728006
自然風景,George_Vicat_Cole_(1833-1893)_-_Mountain_Landscape_-_1938.25.21_-_Wisbech_and_Fenland_Museum.jpg,SIFT,65025.0,0.0,500.0,0.0
自然風景,George_Vicat_Cole_(1833-1893)_-_Mountain_Landscape_-_1938.25.21_-_Wisbech_and_Fenland_Museum.jpg,ORB,21495.275390625,0.5101131979911343,258.42761232979507,-0.5478137298802284
自然風景,George_Vicat_Cole_(1833-1893)_-_Mountain_Landscape_-_1938.25.21_-_Wisbech_and_Fenland_Museum.jpg,LoFTR,71.83721923828125,0.9833515120302768,0.37126482835112234,0.9991794213723553
自然風景,Iceland's_Mid-Atlantic_Ridge_during_snow.jpg,SIFT,20.42344093322754,0.9944822521582577,0.6784901294236807,0.9999958562956736
自然風景,Iceland's_Mid-Atlantic_Ridge_during_snow.jpg,ORB,186.7939910888672,0.930161303778565,5.654404507677276,0.9977453254524685
自然風景,Iceland's_Mid-Atlantic_Ridge_during_snow.jpg,LoFTR,87.47154998779297,0.9740093198716597,1.7872134804468405,0.9999661768797449
自然風景,Jacob_Pynas_-_Mountain_landscape_with_Narcissus_(National_Gallery__London).jpg,SIFT,140.93829345703125,0.958537049572531,2.4722862210340693,0.9997816502856314
自然風景,Jacob_Pynas_-_Mountain_landscape_with_Narcissus_(National_Gallery__London).jpg,ORB,131.94915771484375,0.9718529962949491,0.4274095614929545,0.9999996996470608
自然風景,Jacob_Pynas_-_Mountain_landscape_with_Narcissus_(National_Gallery__London).jpg,LoFTR,101.01531219482422,0.9840809442838869,0.4101698248871598,0.9999940004074519
自然風景,John_Sell_Cotman_(1782-1842)_(attributed_to)_-_Mountain_Landscape_-_R.1931-28.18_-_Colchester_and_Ipswich_Museums_Service.jpg,SIFT,65025.0,0.0,500.0,0.0
自然風景,John_Sell_Cotman_(1782-1842)_(attributed_to)_-_Mountain_Landscape_-_R.1931-28.18_-_Colchester_and_Ipswich_Museums_Service.jpg,ORB,181.74932861328125,0.6793648110920962,148.2159141855837,-0.7651054803373296
自然風景,John_Sell_Cotman_(1782-1842)_(attributed_to)_-_Mountain_Landscape_-_R.1931-28.18_-_Colchester_and_Ipswich_Museums_Service.jpg,LoFTR,126.70716857910156,0.98222500138741,1.4586214827530446,0.9999346416675986
自然風景,Karst_mountains_colorful_clouds_and_mist_at_sunrise_from_the_top_of_Mount_Nam_Xay_Vang_Vieng_Laos.jpg,SIFT,134.34815979003906,0.9852431139615382,1.6094294309292279,0.9999978348577695
自然風景,Karst_mountains_colorful_clouds_and_mist_at_sunrise_from_the_top_of_Mount_Nam_Xay_Vang_Vieng_Laos.jpg,ORB,502.4466247558594,0.94636570502746,3.24357158287994,0.9996248359581368
自然風景,Karst_mountains_colorful_clouds_and_mist_at_sunrise_from_the_top_of_Mount_Nam_Xay_Vang_Vieng_Laos.jpg,LoFTR,156.1288299560547,0.9814830280337338,0.2436700994845508,0.9999999968043899
自然風景,Keith_-_Mountain_Landscape_with_Cattle_-_HNT.jpg,SIFT,11.32758617401123,0.9950054841352542,0.6121762719971994,0.9999601773537782
自然風景,Keith_-_Mountain_Landscape_with_Cattle_-_HNT.jpg,ORB,597.6431884765625,0.7706612653210393,7.510261444915333,0.9923104569177131
自然風景,Keith_-_Mountain_Landscape_with_Cattle_-_HNT.jpg,LoFTR,71.14578247070312,0.9815552010426073,0.3442254004235092,0.9999869010305037
自然風景,Kensett_-_Rocky_Landscape_(White_Mountain_Scene)_-_HNT.jpg,SIFT,144.89878845214844,0.9270830835791282,14.799976189843784,0.9974809171090161
自然風景,Kensett_-_Rocky_Landscape_(White_Mountain_Scene)_-_HNT.jpg,ORB,137.0850372314453,0.9687725058738733,4.998390890009049,0.9993566347543787
自然風景,Kensett_-_Rocky_Landscape_(White_Mountain_Scene)_-_HNT.jpg,LoFTR,91.57078552246094,0.9787440879946543,1.4486743550925212,0.9999954405524591
自然風景,Landscape_at_Mountain_Top_University_Nigeria.jpg,SIFT,83.14301300048828,0.9559139867148502,32.73484967912622,0.8521916873982935
自然風景,Landscape_at_Mountain_Top_University_Nigeria.jpg,ORB,24.062501907348633,0.935338429603023,68.23194859866798,0.9523215859918722
自然風景,Landscape_at_Mountain_Top_University_Nigeria.jpg,LoFTR,11.126264572143555,0.9595436328989773,12.932123802335726,0.9999818653267963
自然風景,Mining_Landscape__Parys_Mountain_-_geograph.org.uk_-_5808949.jpg,SIFT,0.8960449695587158,0.997831752283324,2.215974900753222,0.9999907369717392
自然風景,Mining_Landscape__Parys_Mountain_-_geograph.org.uk_-_5808949.jpg,ORB,53.51390075683594,0.9824338559297746,2.255444332321218,0.9996201147888033
自然風景,Mining_Landscape__Parys_Mountain_-_geograph.org.uk_-_5808949.jpg,LoFTR,49.70465087890625,0.986512860808799,0.2989287185054594,0.9999937674156665
自然風景,Mountain-landscape-with-church-1910.jpg,SIFT,140.0899200439453,0.9657810613565632,1.2346138108664815,0.9998391045416554
自然風景,Mountain-landscape-with-church-1910.jpg,ORB,406.43603515625,0.9022354558768799,1.4028113660524164,0.9998516993103567
自然風景,Mountain-landscape-with-church-1910.jpg,LoFTR,61.71824645996094,0.9855360735463721,0.40568880959708925,0.9999999343478985
自然風景,Mountain_Glacier_Landscape_(from_AvoPix).jpg,SIFT,0.5703692436218262,0.9982328586972189,0.5971828979976365,0.9998564866009932
自然風景,Mountain_Glacier_Landscape_(from_AvoPix).jpg,ORB,54.56800842285156,0.9792053340249811,0.7917193028311417,0.9998004240978753
自然風景,Mountain_Glacier_Landscape_(from_AvoPix).jpg,LoFTR,54.015411376953125,0.980919187856835,0.19305423867704086,0.9999901174243371
自然風景,Mountain_Landscape_2025.jpg,SIFT,65025.0,0.0,500.0,0.0
自然風景,Mountain_Landscape_2025.jpg,ORB,516.79248046875,0.7463812557426607,66.63678424202087,0.8922567312076515
自然風景,Mountain_Landscape_2025.jpg,LoFTR,181.1690673828125,0.9425256037173949,13.565648190441724,0.8908521584061583
自然風景,Mountain_Landscape_MET_DP875191.jpg,SIFT,641.2764282226562,0.9581141115727949,9.902510881554022,0.9900440905060528
自然風景,Mountain_Landscape_MET_DP875191.jpg,ORB,685.5621337890625,0.9406292760893995,4.127229149551328,0.998811722056549
自然風景,Mountain_Landscape_MET_DP875191.jpg,LoFTR,738.4711303710938,0.902581970606675,9.985872835128877,0.9552416671816997
自然風景,Mountain_Landscape_Road_PLC-HW-18.jpg,SIFT,38.23200225830078,0.9861252988954732,3.858150396472822,0.999974039643756
自然風景,Mountain_Landscape_Road_PLC-HW-18.jpg,ORB,43.800235748291016,0.9618756817952625,4.733580515610268,0.9998786913350894
自然風景,Mountain_Landscape_Road_PLC-HW-18.jpg,LoFTR,49.52753829956055,0.9773836740134043,0.33085478468241175,0.9999999920766122
自然風景,Mountain_Landscape_with_Falconers_MET_DP875196.jpg,SIFT,1.7392243146896362,0.9962770860778494,1.6607157908173888,0.9999656476792631
自然風景,Mountain_Landscape_with_Falconers_MET_DP875196.jpg,ORB,15.591972351074219,0.9827653300991466,1.1018375123428727,0.9999960843825463
自然風景,Mountain_Landscape_with_Falconers_MET_DP875196.jpg,LoFTR,13.056668281555176,0.9873180172237058,0.880307419374439,0.9999423847821782
自然風景,Mountain_and_Landscape.jpg,SIFT,190.50930786132812,0.9858998550961844,3.9422069383031717,0.9995037044529276
自然風景,Mountain_and_Landscape.jpg,ORB,497.9326477050781,0.9510410195788509,8.953262524646732,0.9983000693090395
自然風景,Mountain_and_Landscape.jpg,LoFTR,14922.68359375,0.4433091335315278,440.2555429930242,0.07507364455591305
自然風景,Mountain_landscape__Glacial_valley__Ergaki__Sayan_Mountains__Siberia.jpg,SIFT,2.3166751861572266,0.9967623055832313,0.6987176486294734,0.9999999279795532
自然風景,Mountain_landscape__Glacial_valley__Ergaki__Sayan_Mountains__Siberia.jpg,ORB,37.17288589477539,0.976757654532,1.157727700376816,0.9999589371314399
自然風景,Mountain_landscape__Glacial_valley__Ergaki__Sayan_Mountains__Siberia.jpg,LoFTR,35.44513702392578,0.9806100879558098,0.2397386565983721,0.9999994382587972
自然風景,Mountain_landscape__Rock_formations_in_glacial_valley__Otherworldly__Ergaki__Sayan_Mountains__Siberia.jpg,SIFT,18.326622009277344,0.9940956879072825,0.3229286003683983,0.9993998337877792
自然風景,Mountain_landscape__Rock_formations_in_glacial_valley__Otherworldly__Ergaki__Sayan_Mountains__Siberia.jpg,ORB,460.47430419921875,0.9304222983023716,3.7768083091797915,0.9888564763855049
自然風景,Mountain_landscape__Rock_formations_in_glacial_valley__Otherworldly__Ergaki__Sayan_Mountains__Siberia.jpg,LoFTR,90.267822265625,0.9800233760982933,0.4981878338656607,0.9999253870929464
自然風景,Mountain_landscape__Rock_formations_in_otherworldly_glacial_valley__Ergaki__Sayan_Mountains__Siberia.jpg,SIFT,26.78977394104004,0.9113293054559123,1.1487319432260772,0.9999649247217763
自然風景,Mountain_landscape__Rock_formations_in_otherworldly_glacial_valley__Ergaki__Sayan_Mountains__Siberia.jpg,ORB,262.0392150878906,0.7977896996612912,6.8504923126618955,0.9991493041745644
自然風景,Mountain_landscape__Rock_formations_in_otherworldly_glacial_valley__Ergaki__Sayan_Mountains__Siberia.jpg,LoFTR,148.16546630859375,0.9802242904848184,0.3554771189392747,0.9999934698883807
自然風景,Mountain_landscape__Weathering_in_ancient_glacial_valley__Ergaki__Sayan_Mountains__Siberia.jpg,SIFT,9.678086280822754,0.9943725942364607,1.0923848968801992,0.9999856790380551
自然風景,Mountain_landscape__Weathering_in_ancient_glacial_valley__Ergaki__Sayan_Mountains__Siberia.jpg,ORB,213.40213012695312,0.9033584564378896,15.998892574172753,0.9949751554711375
自然風景,Mountain_landscape__Weathering_in_ancient_glacial_valley__Ergaki__Sayan_Mountains__Siberia.jpg,LoFTR,93.9147720336914,0.976153746467341,0.8467369745811778,0.9999958909435946
自然風景,Mountain_landscape__Weathering_in_ancient_glacial_valley__Otherworldly__Ergaki__Sayan_Mountains__Siberia.jpg,SIFT,7.804029941558838,0.9939336084042775,0.7767997906897351,0.9999748517341079
自然風景,Mountain_landscape__Weathering_in_ancient_glacial_valley__Otherworldly__Ergaki__Sayan_Mountains__Siberia.jpg,ORB,79.71693420410156,0.964964948617149,2.156378898131887,0.9999630428864982
自然風景,Mountain_landscape__Weathering_in_ancient_glacial_valley__Otherworldly__Ergaki__Sayan_Mountains__Siberia.jpg,LoFTR,66.60111236572266,0.9835673168039085,0.4258410647720283,0.9999942827916783
自然風景,Mountain_landscape_(SM_sg1094z).png,SIFT,65025.0,0.0,500.0,0.0
自然風景,Mountain_landscape_(SM_sg1094z).png,ORB,30694.587890625,0.48643082395658727,116.17892267529652,-0.752889216997805
自然風景,Mountain_landscape_(SM_sg1094z).png,LoFTR,65025.0,0.0,500.0,0.0
自然風景,Mountain_landscape_in_Dry_season.jpg,SIFT,1273.102783203125,0.9342161359065266,15.571346972195176,0.9928799543799082
自然風景,Mountain_landscape_in_Dry_season.jpg,ORB,5058.798828125,0.8417449640649468,49.74456065305321,0.9146656264138386
自然風景,Mountain_landscape_in_Dry_season.jpg,LoFTR,19289.44140625,0.47972263113233565,917.4527627281168,0.9932832849265342
自然風景,Mountains_Landscape__Asturias__Spain__panoramic.jpg,SIFT,5.314747333526611,0.9898160811433938,0.6328393643228641,0.9999962024653123
自然風景,Mountains_Landscape__Asturias__Spain__panoramic.jpg,ORB,454.1570739746094,0.7905910346762565,4.45148754125711,0.9990505476975661
自然風景,Mountains_Landscape__Asturias__Spain__panoramic.jpg,LoFTR,130.721435546875,0.9399625086049457,2.7879000109393743,0.9992469381965771
自然風景,Rocky_Mountain_Landscape__by_Albert_Bierstadt.jpg,SIFT,2.8951895236968994,0.9911727342297604,4.453604083043758,0.9996849585033081
自然風景,Rocky_Mountain_Landscape__by_Albert_Bierstadt.jpg,ORB,42.85847854614258,0.9439870693387796,3.5015883993176606,0.9999887737575034
自然風景,Rocky_Mountain_Landscape__by_Albert_Bierstadt.jpg,LoFTR,20.101572036743164,0.9855886624614694,0.17857453468944706,0.9999994256965711
自然風景,Scenic_mountain_landscape_against_a_clear_blue_sky.jpg,SIFT,43.94843292236328,0.967462389228744,9.931748085774585,0.9853526929817144
自然風景,Scenic_mountain_landscape_against_a_clear_blue_sky.jpg,ORB,129.03720092773438,0.9420585184215302,12.274197097955469,0.9728628796027554
自然風景,Scenic_mountain_landscape_against_a_clear_blue_sky.jpg,LoFTR,153.41229248046875,0.9558655051446167,3.429553577573191,0.9972671983687218
自然風景,Sea_and_Mountain_Landscape_at_Lago_Blanco.jpg,SIFT,9.496172904968262,0.9960200072623804,1.1563886742518157,0.9999569462375624
自然風景,Sea_and_Mountain_Landscape_at_Lago_Blanco.jpg,ORB,155.97145080566406,0.9690551329867944,1.3376958619790058,0.9998483220367977
自然風景,Sea_and_Mountain_Landscape_at_Lago_Blanco.jpg,LoFTR,83.64712524414062,0.9820396508181072,0.9464825535181888,0.9998600496888237
自然風景,Snowdon_Mountain_railway_in_the_landscape_-_geograph.org.uk_-_7310882.jpg,SIFT,65025.0,0.0,500.0,0.0
自然風景,Snowdon_Mountain_railway_in_the_landscape_-_geograph.org.uk_-_7310882.jpg,ORB,65025.0,0.0,500.0,0.0
自然風景,Snowdon_Mountain_railway_in_the_landscape_-_geograph.org.uk_-_7310882.jpg,LoFTR,289.97869873046875,0.9381660578479767,12.405543106837241,0.9919122251599762
自然風景,Square_plot_of_a_green_paddy_field_and_water_reflection_of_mountains_with_mist_and_blue_sky__Vang_Vieng__Laos.jpg,SIFT,1.2239692211151123,0.9969120889390639,1.0785498071773085,0.9999563885939711
自然風景,Square_plot_of_a_green_paddy_field_and_water_reflection_of_mountains_with_mist_and_blue_sky__Vang_Vieng__Laos.jpg,ORB,42.23784637451172,0.9765626204559092,2.4321288347166807,0.9999952907023795
自然風景,Square_plot_of_a_green_paddy_field_and_water_reflection_of_mountains_with_mist_and_blue_sky__Vang_Vieng__Laos.jpg,LoFTR,47.4471321105957,0.9771331899349804,2.5717583922013056,0.9997884426783209
自然風景,Sunny_mist_in_the_mountains_at_golden_hour__South-West_view_from_Mount_Nam_Xay__Vang_Vieng__Laos.jpg,SIFT,39.06266403198242,0.9453862945520228,6.883580914489306,0.9935782576919624
自然風景,Sunny_mist_in_the_mountains_at_golden_hour__South-West_view_from_Mount_Nam_Xay__Vang_Vieng__Laos.jpg,ORB,627.9443359375,0.7019597064263957,72.47964235387386,0.19383530027607182
自然風景,Sunny_mist_in_the_mountains_at_golden_hour__South-West_view_from_Mount_Nam_Xay__Vang_Vieng__Laos.jpg,LoFTR,196.6940155029297,0.828652600856491,21.66238674597403,0.9916285801553697
自然風景,Tajikistan_Fan-Mountains_-_landscape_11.jpg,SIFT,7.546388149261475,0.9965142286230299,0.6441029368880613,0.9999946301767899
自然風景,Tajikistan_Fan-Mountains_-_landscape_11.jpg,ORB,96.98737335205078,0.9739120422257971,0.8705375554401651,0.9999835119093128
自然風景,Tajikistan_Fan-Mountains_-_landscape_11.jpg,LoFTR,180.49575805664062,0.9291621956576499,4.490888985266592,0.9999997293381535
自然風景,Thomas_Stuart_Smith_(1813-1814-1869)_-_Mountain_Landscape_-_18002.010_-_Stirling_Smith_Museum_and_Art_Gallery.jpg,SIFT,48.50096893310547,0.9906895929018167,1.6825341500223325,0.9998641110240457
自然風景,Thomas_Stuart_Smith_(1813-1814-1869)_-_Mountain_Landscape_-_18002.010_-_Stirling_Smith_Museum_and_Art_Gallery.jpg,ORB,347.10528564453125,0.9609986625101901,2.5548906241672147,0.9999688054608044
自然風景,Thomas_Stuart_Smith_(1813-1814-1869)_-_Mountain_Landscape_-_18002.010_-_Stirling_Smith_Museum_and_Art_Gallery.jpg,LoFTR,87.66082000732422,0.9842736699102251,0.4244986810427793,0.9999522550611318
自然風景,Tundra_and_mountain_landscape_near_Firth_River_and_Wolf_Creek_confluence__Ivvavik_National_Park__YT.jpg,SIFT,2017.3133544921875,0.527104236123572,304.0545213466355,0.13974070254524856
自然風景,Tundra_and_mountain_landscape_near_Firth_River_and_Wolf_Creek_confluence__Ivvavik_National_Park__YT.jpg,ORB,1692.1826171875,0.44167167646300964,840.0398056444002,0.16324211343973183
自然風景,Tundra_and_mountain_landscape_near_Firth_River_and_Wolf_Creek_confluence__Ivvavik_National_Park__YT.jpg,LoFTR,364.2959289550781,0.7365065343920398,16.22435679322629,0.956250515246554
自然風景,Tundra_landscape_with_mountain__Ivvavik_National_Park__YT.jpg,SIFT,65025.0,0.0,500.0,0.0
自然風景,Tundra_landscape_with_mountain__Ivvavik_National_Park__YT.jpg,ORB,65025.0,0.0,500.0,0.0
自然風景,Tundra_landscape_with_mountain__Ivvavik_National_Park__YT.jpg,LoFTR,80.85102844238281,0.9825988808962076,1.2067569224535,0.9999705602578904
自然風景,Wassily_kandinsky-mountain_landscape_with_lake.jpg,SIFT,41.25678634643555,0.9798822672095445,3.591002371819776,0.9943988855937369
自然風景,Wassily_kandinsky-mountain_landscape_with_lake.jpg,ORB,132.12437438964844,0.9336167955983917,2.2227332329189613,0.9991560352593553
自然風景,Wassily_kandinsky-mountain_landscape_with_lake.jpg,LoFTR,116.69924926757812,0.9409478386365283,1.5441424221816977,0.9985463361264744
自然風景,Water_reflection_of_a_landscape_with_colorful_sky_and_karst_mountains_in_a_paddy_field_at_sunset_Vang_Vieng_Laos.jpg,SIFT,27.50211524963379,0.9879765014064503,1.2426442163033613,0.9999686223573017
自然風景,Water_reflection_of_a_landscape_with_colorful_sky_and_karst_mountains_in_a_paddy_field_at_sunset_Vang_Vieng_Laos.jpg,ORB,341.72186279296875,0.9127204835157646,8.233308246049202,0.9971567829174445
自然風景,Water_reflection_of_a_landscape_with_colorful_sky_and_karst_mountains_in_a_paddy_field_at_sunset_Vang_Vieng_Laos.jpg,LoFTR,208.2939910888672,0.9538223675590561,1.259031090229913,0.9999577309710038
自然風景,Water_reflection_of_a_wooden_hut_with_colorful_sky_and_karst_mountains_in_a_paddy_field_at_sunset_Vang_Vieng_Laos.jpg,SIFT,7.064960956573486,0.9952459702584654,0.5599142421355263,0.9999711259887388
自然風景,Water_reflection_of_a_wooden_hut_with_colorful_sky_and_karst_mountains_in_a_paddy_field_at_sunset_Vang_Vieng_Laos.jpg,ORB,64.85289001464844,0.9660056552027176,2.969511280339253,0.9976475884417546
自然風景,Water_reflection_of_a_wooden_hut_with_colorful_sky_and_karst_mountains_in_a_paddy_field_at_sunset_Vang_Vieng_Laos.jpg,LoFTR,123.4993667602539,0.9214785673898985,0.660680986574859,0.9999924091690963
自然風景,Water_reflection_of_mountains_and_hut_in_a_paddy_field_with_blue_sky_in_Vang_Vieng__Laos.jpg,SIFT,3.8773515224456787,0.9936758299210093,1.367663326244935,0.9999195197885555
自然風景,Water_reflection_of_mountains_and_hut_in_a_paddy_field_with_blue_sky_in_Vang_Vieng__Laos.jpg,ORB,54.257041931152344,0.9113666293767421,1.7864090748476802,0.999982447229079
自然風景,Water_reflection_of_mountains_and_hut_in_a_paddy_field_with_blue_sky_in_Vang_Vieng__Laos.jpg,LoFTR,13.469355583190918,0.984024121783205,4.610888772676446,0.9996834465365588
自然風景,William_Gilpin_-_Mountain_Landscape_-_B1998.32.10(32)_-_Yale_Center_for_British_Art.jpg,SIFT,1221.426513671875,0.9436132856950785,32.046805206963384,0.9971535535888346
自然風景,William_Gilpin_-_Mountain_Landscape_-_B1998.32.10(32)_-_Yale_Center_for_British_Art.jpg,ORB,28452.51953125,0.40745207822516577,132.4997728643585,-0.8892998975597183
自然風景,William_Gilpin_-_Mountain_Landscape_-_B1998.32.10(32)_-_Yale_Center_for_British_Art.jpg,LoFTR,57.239906311035156,0.9814706786974375,0.8099132423446719,0.9999935494541272
自然風景,Wooden_hut_fence_mountains_and_blue_sky_in_the_green_rice_fields_of_Vang_Vieng_in_Laos.jpg,SIFT,65025.0,0.0,500.0,0.0
自然風景,Wooden_hut_fence_mountains_and_blue_sky_in_the_green_rice_fields_of_Vang_Vieng_in_Laos.jpg,ORB,364.23284912109375,0.18780911692067276,87.33940090408606,0.28669134718160494
自然風景,Wooden_hut_fence_mountains_and_blue_sky_in_the_green_rice_fields_of_Vang_Vieng_in_Laos.jpg,LoFTR,146.04022216796875,0.9504349011718817,4.294767448398647,0.9298165360063881
自然風景,Рожевий_ранок_в_Ґорґанах.jpg,SIFT,1.3786970376968384,0.9988383314249296,0.1086154811867958,0.9999996271232036
自然風景,Рожевий_ранок_в_Ґорґанах.jpg,ORB,189.1678924560547,0.9736709400569117,1.6781236352142934,0.9999214013570479
自然風景,Рожевий_ранок_в_Ґорґанах.jpg,LoFTR,297.05279541015625,0.940786800808442,0.3964418105087432,0.9999955291670359
